Substrate name;Organism;EC number;Substrate SMILES;Experimental value (log10 scale);Predicted value (log10 scale)
7,8-Dihydrofolate;Escherichia coli;1.5.1.3;C1C(=NC2=C(N1)N=C(NC2=O)N)CNC3=CC=C(C=C3)C(=O)NC(CCC(=O)[O-])C(=O)[O-];1.462397997898956;0.6634952291954178
7,8-Dihydrofolate;Escherichia coli;1.5.1.3;C1C(=NC2=C(N1)N=C(NC2=O)N)CNC3=CC=C(C=C3)C(=O)NC(CCC(=O)[O-])C(=O)[O-];-0.5228787452803376;0.2733282719652665
7,8-Dihydrofolate;Escherichia coli;1.5.1.3;C1C(=NC2=C(N1)N=C(NC2=O)N)CNC3=CC=C(C=C3)C(=O)NC(CCC(=O)[O-])C(=O)[O-];-0.16115090926274472;-0.0703906438243111
7,8-Dihydrofolate;Escherichia coli;1.5.1.3;C1C(=NC2=C(N1)N=C(NC2=O)N)CNC3=CC=C(C=C3)C(=O)NC(CCC(=O)[O-])C(=O)[O-];-0.00877392430750515;0.22246248336554458
7,8-Dihydrofolate;Escherichia coli;1.5.1.3;C1C(=NC2=C(N1)N=C(NC2=O)N)CNC3=CC=C(C=C3)C(=O)NC(CCC(=O)[O-])C(=O)[O-];0.06069784035361165;-0.14461706054521334
7,8-Dihydrofolate;Escherichia coli;1.5.1.3;C1C(=NC2=C(N1)N=C(NC2=O)N)CNC3=CC=C(C=C3)C(=O)NC(CCC(=O)[O-])C(=O)[O-];0.11727129565576427;0.005645464345558177
7,8-Dihydrofolate;Escherichia coli;1.5.1.3;C1C(=NC2=C(N1)N=C(NC2=O)N)CNC3=CC=C(C=C3)C(=O)NC(CCC(=O)[O-])C(=O)[O-];0.14301480025409505;-0.00873752670696415
7,8-Dihydrofolate;Escherichia coli;1.5.1.3;C1C(=NC2=C(N1)N=C(NC2=O)N)CNC3=CC=C(C=C3)C(=O)NC(CCC(=O)[O-])C(=O)[O-];0.2013971243204515;0.2510532721084925
7,8-Dihydrofolate;Escherichia coli;1.5.1.3;C1C(=NC2=C(N1)N=C(NC2=O)N)CNC3=CC=C(C=C3)C(=O)NC(CCC(=O)[O-])C(=O)[O-];0.250420002308894;0.009697806668665862
7,8-Dihydrofolate;Escherichia coli;1.5.1.3;C1C(=NC2=C(N1)N=C(NC2=O)N)CNC3=CC=C(C=C3)C(=O)NC(CCC(=O)[O-])C(=O)[O-];0.2787536009528289;0.010989220745227731
7,8-Dihydrofolate;Escherichia coli;1.5.1.3;C1C(=NC2=C(N1)N=C(NC2=O)N)CNC3=CC=C(C=C3)C(=O)NC(CCC(=O)[O-])C(=O)[O-];0.3010299956639812;0.27486261342091767
7,8-Dihydrofolate;Escherichia coli;1.5.1.3;C1C(=NC2=C(N1)N=C(NC2=O)N)CNC3=CC=C(C=C3)C(=O)NC(CCC(=O)[O-])C(=O)[O-];0.3820170425748684;0.4877223868833753
7,8-Dihydrofolate;Escherichia coli;1.5.1.3;C1C(=NC2=C(N1)N=C(NC2=O)N)CNC3=CC=C(C=C3)C(=O)NC(CCC(=O)[O-])C(=O)[O-];0.38560627359831223;0.26128374626390205
7,8-Dihydrofolate;Escherichia coli;1.5.1.3;C1C(=NC2=C(N1)N=C(NC2=O)N)CNC3=CC=C(C=C3)C(=O)NC(CCC(=O)[O-])C(=O)[O-];0.48429983934678583;0.5578449834282556
7,8-Dihydrofolate;Escherichia coli;1.5.1.3;C1C(=NC2=C(N1)N=C(NC2=O)N)CNC3=CC=C(C=C3)C(=O)NC(CCC(=O)[O-])C(=O)[O-];0.5185139398778874;0.25257833714380323
7,8-Dihydrofolate;Escherichia coli;1.5.1.3;C1C(=NC2=C(N1)N=C(NC2=O)N)CNC3=CC=C(C=C3)C(=O)NC(CCC(=O)[O-])C(=O)[O-];0.5797835966168101;0.5453536823565297
7,8-Dihydrofolate;Escherichia coli;1.5.1.3;C1C(=NC2=C(N1)N=C(NC2=O)N)CNC3=CC=C(C=C3)C(=O)NC(CCC(=O)[O-])C(=O)[O-];0.6627578316815741;0.5028910745902252
7,8-Dihydrofolate;Escherichia coli;1.5.1.3;C1C(=NC2=C(N1)N=C(NC2=O)N)CNC3=CC=C(C=C3)C(=O)NC(CCC(=O)[O-])C(=O)[O-];0.6812412373755872;0.5925326590686862
7,8-Dihydrofolate;Escherichia coli;1.5.1.3;C1C(=NC2=C(N1)N=C(NC2=O)N)CNC3=CC=C(C=C3)C(=O)NC(CCC(=O)[O-])C(=O)[O-];0.6901960800285137;0.6141755345761497
7,8-Dihydrofolate;Escherichia coli;1.5.1.3;C1C(=NC2=C(N1)N=C(NC2=O)N)CNC3=CC=C(C=C3)C(=O)NC(CCC(=O)[O-])C(=O)[O-];0.724275869600789;0.5554517028659952
7,8-Dihydrofolate;Escherichia coli;1.5.1.3;C1C(=NC2=C(N1)N=C(NC2=O)N)CNC3=CC=C(C=C3)C(=O)NC(CCC(=O)[O-])C(=O)[O-];0.7558748556724915;0.37530530647661975
7,8-Dihydrofolate;Escherichia coli;1.5.1.3;C1C(=NC2=C(N1)N=C(NC2=O)N)CNC3=CC=C(C=C3)C(=O)NC(CCC(=O)[O-])C(=O)[O-];0.7634279935629372;0.4867986204910988
7,8-Dihydrofolate;Escherichia coli;1.5.1.3;C1C(=NC2=C(N1)N=C(NC2=O)N)CNC3=CC=C(C=C3)C(=O)NC(CCC(=O)[O-])C(=O)[O-];1.0934216851622351;1.2624333193089257
7,8-Dihydrofolate;Escherichia coli;1.5.1.3;C1C(=NC2=C(N1)N=C(NC2=O)N)CNC3=CC=C(C=C3)C(=O)NC(CCC(=O)[O-])C(=O)[O-];1.1139433523068367;1.3243733954021035
7,8-Dihydrofolate;Escherichia coli;1.5.1.3;C1C(=NC2=C(N1)N=C(NC2=O)N)CNC3=CC=C(C=C3)C(=O)NC(CCC(=O)[O-])C(=O)[O-];1.146128035678238;1.080244567365062
7,8-Dihydrofolate;Escherichia coli;1.5.1.3;C1C(=NC2=C(N1)N=C(NC2=O)N)CNC3=CC=C(C=C3)C(=O)NC(CCC(=O)[O-])C(=O)[O-];1.1958996524092338;1.1337995489530683
7,8-Dihydrofolate;Escherichia coli;1.5.1.3;C1C(=NC2=C(N1)N=C(NC2=O)N)CNC3=CC=C(C=C3)C(=O)NC(CCC(=O)[O-])C(=O)[O-];1.2013971243204515;1.3921859300259978
7,8-Dihydrofolate;Escherichia coli;1.5.1.3;C1C(=NC2=C(N1)N=C(NC2=O)N)CNC3=CC=C(C=C3)C(=O)NC(CCC(=O)[O-])C(=O)[O-];1.209515014542631;1.070614817683536
7,8-Dihydrofolate;Escherichia coli;1.5.1.3;C1C(=NC2=C(N1)N=C(NC2=O)N)CNC3=CC=C(C=C3)C(=O)NC(CCC(=O)[O-])C(=O)[O-];1.271841606536499;1.1792886023125295
7,8-Dihydrofolate;Escherichia coli;1.5.1.3;C1C(=NC2=C(N1)N=C(NC2=O)N)CNC3=CC=C(C=C3)C(=O)NC(CCC(=O)[O-])C(=O)[O-];1.276461804173244;1.2616118267966114
7,8-Dihydrofolate;Escherichia coli;1.5.1.3;C1C(=NC2=C(N1)N=C(NC2=O)N)CNC3=CC=C(C=C3)C(=O)NC(CCC(=O)[O-])C(=O)[O-];1.354108439147401;1.257001392059057
7,8-Dihydrofolate;Escherichia coli;1.5.1.3;C1C(=NC2=C(N1)N=C(NC2=O)N)CNC3=CC=C(C=C3)C(=O)NC(CCC(=O)[O-])C(=O)[O-];1.380211241711606;1.2787909677845155
7,8-Dihydrofolate;Escherichia coli;1.5.1.3;C1C(=NC2=C(N1)N=C(NC2=O)N)CNC3=CC=C(C=C3)C(=O)NC(CCC(=O)[O-])C(=O)[O-];1.3856062735983121;1.2301754916285383
7,8-Dihydrofolate;Escherichia coli;1.5.1.3;C1C(=NC2=C(N1)N=C(NC2=O)N)CNC3=CC=C(C=C3)C(=O)NC(CCC(=O)[O-])C(=O)[O-];1.4116197059632303;1.2371958578337223
7,8-Dihydrofolate;Escherichia coli;1.5.1.3;C1C(=NC2=C(N1)N=C(NC2=O)N)CNC3=CC=C(C=C3)C(=O)NC(CCC(=O)[O-])C(=O)[O-];1.424881636631067;1.3380073289692251
7,8-Dihydrofolate;Escherichia coli;1.5.1.3;C1C(=NC2=C(N1)N=C(NC2=O)N)CNC3=CC=C(C=C3)C(=O)NC(CCC(=O)[O-])C(=O)[O-];1.4828735836087537;1.3194428613630533
7,8-Dihydrofolate;Escherichia coli;1.5.1.3;C1C(=NC2=C(N1)N=C(NC2=O)N)CNC3=CC=C(C=C3)C(=O)NC(CCC(=O)[O-])C(=O)[O-];1.6074550232146685;1.4439746955354142
7,8-Dihydrofolate;Escherichia coli;1.5.1.3;C1C(=NC2=C(N1)N=C(NC2=O)N)CNC3=CC=C(C=C3)C(=O)NC(CCC(=O)[O-])C(=O)[O-];1.6580113966571124;1.5210068077538281
7,8-Dihydrofolate;Escherichia coli;1.5.1.3;C1C(=NC2=C(N1)N=C(NC2=O)N)CNC3=CC=C(C=C3)C(=O)NC(CCC(=O)[O-])C(=O)[O-];2.0195316845312554;1.772604571645011
Glycerate 3-phosphate;Escherichia coli;1.1.1.95;C(C(C(=O)O)O)OP(=O)(O)O;0.505149978319906;0.3669123530311986
Glycerate 3-phosphate;Escherichia coli;1.1.1.95;C(C(C(=O)O)O)OP(=O)(O)O;0.6232492903979004;0.654370820137621
Glycerate 3-phosphate;Escherichia coli;1.1.1.95;C(C(C(=O)O)O)OP(=O)(O)O;0.6627578316815741;0.8963618728844482
Glycerate 3-phosphate;Escherichia coli;1.1.1.95;C(C(C(=O)O)O)OP(=O)(O)O;0.6901960800285137;0.9185243714732638
Glycerate 3-phosphate;Escherichia coli;1.1.1.95;C(C(C(=O)O)O)OP(=O)(O)O;0.7160033436347992;0.6426735591156933
Glycerate 3-phosphate;Escherichia coli;1.1.1.95;C(C(C(=O)O)O)OP(=O)(O)O;0.7634279935629372;0.783454236709593
Glycerate 3-phosphate;Escherichia coli;1.1.1.95;C(C(C(=O)O)O)OP(=O)(O)O;0.7781512503836436;0.8819675958195582
Glycerate 3-phosphate;Escherichia coli;1.1.1.95;C(C(C(=O)O)O)OP(=O)(O)O;0.8061799739838872;0.843898099767281
Glycerate 3-phosphate;Escherichia coli;1.1.1.95;C(C(C(=O)O)O)OP(=O)(O)O;0.8450980400142568;0.8737591300993601
Glycerate 3-phosphate;Escherichia coli;1.1.1.95;C(C(C(=O)O)O)OP(=O)(O)O;0.8692317197309762;0.918558678080016
Glycerate 3-phosphate;Escherichia coli;1.1.1.95;C(C(C(=O)O)O)OP(=O)(O)O;0.8750612633917001;0.8983484263746062
Glycerate 3-phosphate;Escherichia coli;1.1.1.95;C(C(C(=O)O)O)OP(=O)(O)O;0.8920946026904804;0.8659589704164289
Glycerate 3-phosphate;Escherichia coli;1.1.1.95;C(C(C(=O)O)O)OP(=O)(O)O;0.9344984512435677;0.8583228795683002
Glycerate 3-phosphate;Escherichia coli;1.1.1.95;C(C(C(=O)O)O)OP(=O)(O)O;0.9395192526186185;0.8809601442735722
Glycerate 3-phosphate;Escherichia coli;1.1.1.95;C(C(C(=O)O)O)OP(=O)(O)O;0.9542425094393249;0.8798206338229331
Glycerate 3-phosphate;Escherichia coli;1.1.1.95;C(C(C(=O)O)O)OP(=O)(O)O;0.9684829485539351;0.8771012251830949
Glycerate 3-phosphate;Escherichia coli;1.1.1.95;C(C(C(=O)O)O)OP(=O)(O)O;0.9822712330395684;0.7692914933547087
Glycerate 3-phosphate;Escherichia coli;1.1.1.95;C(C(C(=O)O)O)OP(=O)(O)O;0.9912260756924949;0.676424298358954
Glycerate 3-phosphate;Escherichia coli;1.1.1.95;C(C(C(=O)O)O)OP(=O)(O)O;0.9956351945975499;0.8859129991383544
Glycerate 3-phosphate;Escherichia coli;1.1.1.95;C(C(C(=O)O)O)OP(=O)(O)O;1.0253058652647702;0.9022836381909781
Glycerate 3-phosphate;Escherichia coli;1.1.1.95;C(C(C(=O)O)O)OP(=O)(O)O;1.0334237554869496;0.8862357539721721
Glycerate 3-phosphate;Escherichia coli;1.1.1.95;C(C(C(=O)O)O)OP(=O)(O)O;1.0413926851582251;0.8873290438061826
Glycerate 3-phosphate;Escherichia coli;1.1.1.95;C(C(C(=O)O)O)OP(=O)(O)O;1.0492180226701815;0.9409780455926104
Glycerate 3-phosphate;Escherichia coli;1.1.1.95;C(C(C(=O)O)O)OP(=O)(O)O;1.0569048513364727;0.9311089391464008
Glycerate 3-phosphate;Escherichia coli;1.1.1.95;C(C(C(=O)O)O)OP(=O)(O)O;1.0606978403536116;0.9579884526213629
Glycerate 3-phosphate;Escherichia coli;1.1.1.95;C(C(C(=O)O)O)OP(=O)(O)O;1.0681858617461617;0.8781401842612236
Glycerate 3-phosphate;Escherichia coli;1.1.1.95;C(C(C(=O)O)O)OP(=O)(O)O;1.0718820073061255;0.8260107929031751
Glycerate 3-phosphate;Escherichia coli;1.1.1.95;C(C(C(=O)O)O)OP(=O)(O)O;1.0755469613925308;0.8368564175323786
Glycerate 3-phosphate;Escherichia coli;1.1.1.95;C(C(C(=O)O)O)OP(=O)(O)O;1.08278537031645;0.878915169072334
Glycerate 3-phosphate;Escherichia coli;1.1.1.95;C(C(C(=O)O)O)OP(=O)(O)O;1.089905111439398;0.8887936775383858
Glycerate 3-phosphate;Escherichia coli;1.1.1.95;C(C(C(=O)O)O)OP(=O)(O)O;1.0934216851622351;0.9396279586059649
Glycerate 3-phosphate;Escherichia coli;1.1.1.95;C(C(C(=O)O)O)OP(=O)(O)O;1.1072099696478683;0.8858072084723443
Glycerate 3-phosphate;Escherichia coli;1.1.1.95;C(C(C(=O)O)O)OP(=O)(O)O;1.1172712956557642;0.8956740182419513
Glycerate 3-phosphate;Escherichia coli;1.1.1.95;C(C(C(=O)O)O)OP(=O)(O)O;1.130333768495006;0.8828063134063924
Glycerate 3-phosphate;Escherichia coli;1.1.1.95;C(C(C(=O)O)O)OP(=O)(O)O;1.1398790864012365;0.905745232229195
Glycerate 3-phosphate;Escherichia coli;1.1.1.95;C(C(C(=O)O)O)OP(=O)(O)O;1.173186268412274;0.8804652822368425
Glycerate 3-phosphate;Escherichia coli;1.1.1.95;C(C(C(=O)O)O)OP(=O)(O)O;1.271841606536499;0.9198625444500329
L-Aspartate;Thermus thermophilus;2.7.2.4;C(C(C(=O)O)N)C(=O)O;-0.09691001300805639;0.7902287149760046
L-Aspartate;Thermus thermophilus;2.7.2.4;C(C(C(=O)O)N)C(=O)O;-0.014573525916998339;0.4243830246844544
L-Aspartate;Thermus thermophilus;2.7.2.4;C(C(C(=O)O)N)C(=O)O;0.26245108973042947;0.2483747012494953
L-Aspartate;Thermus thermophilus;2.7.2.4;C(C(C(=O)O)N)C(=O)O;0.3364597338485295;-0.3419578492905575
L-Aspartate;Thermus thermophilus;2.7.2.4;C(C(C(=O)O)N)C(=O)O;0.45229767048369557;0.8499355601576699
L-Aspartate;Thermus thermophilus;2.7.2.4;C(C(C(=O)O)N)C(=O)O;0.47712125471966244;-0.14325043030991433
L-Aspartate;Thermus thermophilus;2.7.2.4;C(C(C(=O)O)N)C(=O)O;0.6020599913279624;0.4953825210646881
L-Aspartate;Thermus thermophilus;2.7.2.4;C(C(C(=O)O)N)C(=O)O;0.6364878963533654;0.8571528663815322
L-Aspartate;Thermus thermophilus;2.7.2.4;C(C(C(=O)O)N)C(=O)O;0.6693168805661122;0.8406007181061544
L-Aspartate;Thermus thermophilus;2.7.2.4;C(C(C(=O)O)N)C(=O)O;0.7781512503836436;0.7288680473269917
L-Aspartate;Thermus thermophilus;2.7.2.4;C(C(C(=O)O)N)C(=O)O;0.8241258339165489;0.817275383444954
L-Aspartate;Thermus thermophilus;2.7.2.4;C(C(C(=O)O)N)C(=O)O;0.8653014259051373;0.847865177971515
L-Aspartate;Thermus thermophilus;2.7.2.4;C(C(C(=O)O)N)C(=O)O;1.0347621049229212;0.8384765793332682
L-Aspartate;Thermus thermophilus;2.7.2.4;C(C(C(=O)O)N)C(=O)O;1.0910804681735637;0.8046468918317911
L-Aspartate;Thermus thermophilus;2.7.2.4;C(C(C(=O)O)N)C(=O)O;1.1238516409670858;0.9378674124477375
L-Aspartate;Thermus thermophilus;2.7.2.4;C(C(C(=O)O)N)C(=O)O;1.1409268409459374;0.8176017268359634
L-Aspartate;Thermus thermophilus;2.7.2.4;C(C(C(=O)O)N)C(=O)O;1.2227164711475833;0.8348835723306929
L-Aspartate;Thermus thermophilus;2.7.2.4;C(C(C(=O)O)N)C(=O)O;1.3654879848908996;0.702417294665289
L-Aspartate;Thermus thermophilus;2.7.2.4;C(C(C(=O)O)N)C(=O)O;1.3679767846741737;0.8464738943483092
L-Aspartate;Thermus thermophilus;2.7.2.4;C(C(C(=O)O)N)C(=O)O;1.3862016048058694;0.8342527757475432
L-Aspartate;Thermus thermophilus;2.7.2.4;C(C(C(=O)O)N)C(=O)O;1.3926969532596658;0.8772394564061174
L-Aspartate;Thermus thermophilus;2.7.2.4;C(C(C(=O)O)N)C(=O)O;1.3979400086720377;0.8292338914304345
L-Aspartate;Thermus thermophilus;2.7.2.4;C(C(C(=O)O)N)C(=O)O;1.5010592622177514;0.8697876020842086
L-Aspartate;Thermus thermophilus;2.7.2.4;C(C(C(=O)O)N)C(=O)O;1.505149978319906;0.8321769389544569
L-Aspartate;Thermus thermophilus;2.7.2.4;C(C(C(=O)O)N)C(=O)O;1.1249387355225637;0.8663471805334224
L-Aspartate;Thermus thermophilus;2.7.2.4;C(C(C(=O)O)N)C(=O)O;0.2632414339849551;0.4668964823061647
L-Aspartate;Thermus thermophilus;2.7.2.4;C(C(C(=O)O)N)C(=O)O;0.6368220972531017;0.7303911027702752
L-Aspartate;Thermus thermophilus;2.7.2.4;C(C(C(=O)O)N)C(=O)O;0.2632414339849551;0.4519930966324941
L-Aspartate;Thermus thermophilus;2.7.2.4;C(C(C(=O)O)N)C(=O)O;0.3357921025913385;0.3160298058693916
L-Aspartate;Thermus thermophilus;2.7.2.4;C(C(C(=O)O)N)C(=O)O;1.1249387355225637;0.902862687779424
L-Aspartate;Thermus thermophilus;2.7.2.4;C(C(C(=O)O)N)C(=O)O;0.3357921025913385;0.32278555186726277
L-Aspartate;Thermus thermophilus;2.7.2.4;C(C(C(=O)O)N)C(=O)O;0.6368220972531017;0.943545084094091
Penicillin G;Streptomyces clavuligerus;1.14.20.1;CC1(C(N2C(S1)C(C2=O)NC(=O)CC3=CC=CC=C3)C(=O)O)C;-1.853871964321762;-1.6214123412998107
Penicillin G;Streptomyces clavuligerus;1.14.20.1;CC1(C(N2C(S1)C(C2=O)NC(=O)CC3=CC=CC=C3)C(=O)O)C;-1.6989700043360187;-1.451254155569836
Penicillin G;Streptomyces clavuligerus;1.14.20.1;CC1(C(N2C(S1)C(C2=O)NC(=O)CC3=CC=CC=C3)C(=O)O)C;-1.6777807052660807;-1.3172832676451138
Penicillin G;Streptomyces clavuligerus;1.14.20.1;CC1(C(N2C(S1)C(C2=O)NC(=O)CC3=CC=CC=C3)C(=O)O)C;-1.6020599913279623;-1.383384204030875
Penicillin G;Streptomyces clavuligerus;1.14.20.1;CC1(C(N2C(S1)C(C2=O)NC(=O)CC3=CC=CC=C3)C(=O)O)C;-1.1023729087095586;-0.7205946287216247
Penicillin G;Streptomyces clavuligerus;1.14.20.1;CC1(C(N2C(S1)C(C2=O)NC(=O)CC3=CC=CC=C3)C(=O)O)C;-1.494850021680094;-0.6678693933274734
Penicillin G;Streptomyces clavuligerus;1.14.20.1;CC1(C(N2C(S1)C(C2=O)NC(=O)CC3=CC=CC=C3)C(=O)O)C;-1.341035157335565;-0.8342760295981452
Penicillin G;Streptomyces clavuligerus;1.14.20.1;CC1(C(N2C(S1)C(C2=O)NC(=O)CC3=CC=CC=C3)C(=O)O)C;-1.322393047279507;-0.7450655743806899
Penicillin G;Streptomyces clavuligerus;1.14.20.1;CC1(C(N2C(S1)C(C2=O)NC(=O)CC3=CC=CC=C3)C(=O)O)C;-1.2992962828549806;-0.6776677334258635
Penicillin G;Streptomyces clavuligerus;1.14.20.1;CC1(C(N2C(S1)C(C2=O)NC(=O)CC3=CC=CC=C3)C(=O)O)C;-1.282329496997738;-0.6836315566226796
Penicillin G;Streptomyces clavuligerus;1.14.20.1;CC1(C(N2C(S1)C(C2=O)NC(=O)CC3=CC=CC=C3)C(=O)O)C;-1.2487208960166578;-0.8135040251499532
Penicillin G;Streptomyces clavuligerus;1.14.20.1;CC1(C(N2C(S1)C(C2=O)NC(=O)CC3=CC=CC=C3)C(=O)O)C;-1.2441251443275085;-0.6999035103525327
Penicillin G;Streptomyces clavuligerus;1.14.20.1;CC1(C(N2C(S1)C(C2=O)NC(=O)CC3=CC=CC=C3)C(=O)O)C;-1.193820026016113;-0.7656917398646129
Penicillin G;Streptomyces clavuligerus;1.14.20.1;CC1(C(N2C(S1)C(C2=O)NC(=O)CC3=CC=CC=C3)C(=O)O)C;-1.1561445773768388;-0.8802315236213779
Penicillin G;Streptomyces clavuligerus;1.14.20.1;CC1(C(N2C(S1)C(C2=O)NC(=O)CC3=CC=CC=C3)C(=O)O)C;-1.1284270644541214;-0.722776327951865
Penicillin G;Streptomyces clavuligerus;1.14.20.1;CC1(C(N2C(S1)C(C2=O)NC(=O)CC3=CC=CC=C3)C(=O)O)C;-0.431798275933005;-0.7200484503170544
Penicillin G;Streptomyces clavuligerus;1.14.20.1;CC1(C(N2C(S1)C(C2=O)NC(=O)CC3=CC=CC=C3)C(=O)O)C;-1.0979971086492706;-0.7695529556316929
Penicillin G;Streptomyces clavuligerus;1.14.20.1;CC1(C(N2C(S1)C(C2=O)NC(=O)CC3=CC=CC=C3)C(=O)O)C;-1.0915149811213503;-0.7887979572236906
Penicillin G;Streptomyces clavuligerus;1.14.20.1;CC1(C(N2C(S1)C(C2=O)NC(=O)CC3=CC=CC=C3)C(=O)O)C;-0.9846402445907858;-0.8289331703377736
Penicillin G;Streptomyces clavuligerus;1.14.20.1;CC1(C(N2C(S1)C(C2=O)NC(=O)CC3=CC=CC=C3)C(=O)O)C;-0.638272163982407;-0.7057170447741622
Penicillin G;Streptomyces clavuligerus;1.14.20.1;CC1(C(N2C(S1)C(C2=O)NC(=O)CC3=CC=CC=C3)C(=O)O)C;-0.18708664335714442;-0.7190950424423748
Penicillin G;Streptomyces clavuligerus;1.14.20.1;CC1(C(N2C(S1)C(C2=O)NC(=O)CC3=CC=CC=C3)C(=O)O)C;-0.835647144215563;-0.6898439950617338
Penicillin G;Streptomyces clavuligerus;1.14.20.1;CC1(C(N2C(S1)C(C2=O)NC(=O)CC3=CC=CC=C3)C(=O)O)C;-0.6478174818886375;-0.7247676183375159
Penicillin G;Streptomyces clavuligerus;1.14.20.1;CC1(C(N2C(S1)C(C2=O)NC(=O)CC3=CC=CC=C3)C(=O)O)C;-0.36351210364663455;-0.6102977396748444
Penicillin G;Streptomyces clavuligerus;1.14.20.1;CC1(C(N2C(S1)C(C2=O)NC(=O)CC3=CC=CC=C3)C(=O)O)C;-0.27002571430044436;-0.6404596346418719
Penicillin G;Streptomyces clavuligerus;1.14.20.1;CC1(C(N2C(S1)C(C2=O)NC(=O)CC3=CC=CC=C3)C(=O)O)C;-0.2298847052128984;-0.7503083128954142
Penicillin G;Streptomyces clavuligerus;1.14.20.1;CC1(C(N2C(S1)C(C2=O)NC(=O)CC3=CC=CC=C3)C(=O)O)C;-0.18442225167573273;-0.7141769965823516
Penicillin G;Streptomyces clavuligerus;1.14.20.1;CC1(C(N2C(S1)C(C2=O)NC(=O)CC3=CC=CC=C3)C(=O)O)C;-0.1752235375244543;-0.6373680926212588
Penicillin G;Streptomyces clavuligerus;1.14.20.1;CC1(C(N2C(S1)C(C2=O)NC(=O)CC3=CC=CC=C3)C(=O)O)C;-1.6989700043360187;-1.3624916240610432
Penicillin G;Streptomyces clavuligerus;1.14.20.1;CC1(C(N2C(S1)C(C2=O)NC(=O)CC3=CC=CC=C3)C(=O)O)C;-1.6989700043360187;-1.278757665973777
Inosine;Homo sapiens;2.4.2.1;C1=NC2=C(C(=O)N1)N=CN2C3C(C(C(O3)CO)O)O;-2.0;-1.1119095653973874
Inosine;Homo sapiens;2.4.2.1;C1=NC2=C(C(=O)N1)N=CN2C3C(C(C(O3)CO)O)O;-1.2218487496163564;-0.16923739784016725
Inosine;Homo sapiens;2.4.2.1;C1=NC2=C(C(=O)N1)N=CN2C3C(C(C(O3)CO)O)O;-0.1549019599857432;0.2638904742079223
Inosine;Homo sapiens;2.4.2.1;C1=NC2=C(C(=O)N1)N=CN2C3C(C(C(O3)CO)O)O;-0.09691001300805639;-0.42340819312334055
Inosine;Homo sapiens;2.4.2.1;C1=NC2=C(C(=O)N1)N=CN2C3C(C(C(O3)CO)O)O;1.0413926851582251;1.104980635629447
Inosine;Homo sapiens;2.4.2.1;C1=NC2=C(C(=O)N1)N=CN2C3C(C(C(O3)CO)O)O;1.7481880270062005;1.176413091434854
Inosine;Homo sapiens;2.4.2.1;C1=NC2=C(C(=O)N1)N=CN2C3C(C(C(O3)CO)O)O;0.11394335230683679;0.2836920430775602
Inosine;Homo sapiens;2.4.2.1;C1=NC2=C(C(=O)N1)N=CN2C3C(C(C(O3)CO)O)O;0.146128035678238;0.5686388969483274
Inosine;Homo sapiens;2.4.2.1;C1=NC2=C(C(=O)N1)N=CN2C3C(C(C(O3)CO)O)O;0.3222192947339193;0.6870124798952281
Inosine;Homo sapiens;2.4.2.1;C1=NC2=C(C(=O)N1)N=CN2C3C(C(C(O3)CO)O)O;0.36172783601759284;0.5581138022474826
Inosine;Homo sapiens;2.4.2.1;C1=NC2=C(C(=O)N1)N=CN2C3C(C(C(O3)CO)O)O;0.38021124171160603;1.0681703642957225
Inosine;Homo sapiens;2.4.2.1;C1=NC2=C(C(=O)N1)N=CN2C3C(C(C(O3)CO)O)O;0.6232492903979004;0.2812351553390776
Inosine;Homo sapiens;2.4.2.1;C1=NC2=C(C(=O)N1)N=CN2C3C(C(C(O3)CO)O)O;0.7403626894942439;0.7851809786590749
Inosine;Homo sapiens;2.4.2.1;C1=NC2=C(C(=O)N1)N=CN2C3C(C(C(O3)CO)O)O;0.7481880270062004;1.102641326967349
Inosine;Homo sapiens;2.4.2.1;C1=NC2=C(C(=O)N1)N=CN2C3C(C(C(O3)CO)O)O;0.9344984512435677;1.1029831011542826
Inosine;Homo sapiens;2.4.2.1;C1=NC2=C(C(=O)N1)N=CN2C3C(C(C(O3)CO)O)O;0.9444826721501687;1.099413276231165
Inosine;Homo sapiens;2.4.2.1;C1=NC2=C(C(=O)N1)N=CN2C3C(C(C(O3)CO)O)O;0.9731278535996987;0.9237989046047062
Inosine;Homo sapiens;2.4.2.1;C1=NC2=C(C(=O)N1)N=CN2C3C(C(C(O3)CO)O)O;1.1072099696478683;0.9978115330309155
Inosine;Homo sapiens;2.4.2.1;C1=NC2=C(C(=O)N1)N=CN2C3C(C(C(O3)CO)O)O;1.146128035678238;0.9922821405677215
Inosine;Homo sapiens;2.4.2.1;C1=NC2=C(C(=O)N1)N=CN2C3C(C(C(O3)CO)O)O;1.2013971243204515;1.1553036190683585
Inosine;Homo sapiens;2.4.2.1;C1=NC2=C(C(=O)N1)N=CN2C3C(C(C(O3)CO)O)O;1.2041199826559248;1.2032755233775838
Inosine;Homo sapiens;2.4.2.1;C1=NC2=C(C(=O)N1)N=CN2C3C(C(C(O3)CO)O)O;1.24551266781415;0.14892836212666397
Inosine;Homo sapiens;2.4.2.1;C1=NC2=C(C(=O)N1)N=CN2C3C(C(C(O3)CO)O)O;1.7323937598229686;1.1668789409169138
Inosine;Homo sapiens;2.4.2.1;C1=NC2=C(C(=O)N1)N=CN2C3C(C(C(O3)CO)O)O;1.505149978319906;1.193259860255667
Inosine;Homo sapiens;2.4.2.1;C1=NC2=C(C(=O)N1)N=CN2C3C(C(C(O3)CO)O)O;1.662757831681574;1.1778863377043174
Inosine;Homo sapiens;2.4.2.1;C1=NC2=C(C(=O)N1)N=CN2C3C(C(C(O3)CO)O)O;1.6901960800285136;1.345668324404264
Inosine;Homo sapiens;2.4.2.1;C1=NC2=C(C(=O)N1)N=CN2C3C(C(C(O3)CO)O)O;1.7160033436347992;1.3798540685502974
Inosine;Homo sapiens;2.4.2.1;C1=NC2=C(C(=O)N1)N=CN2C3C(C(C(O3)CO)O)O;1.146128035678238;1.3121712961544534
Inosine;Homo sapiens;2.4.2.1;C1=NC2=C(C(=O)N1)N=CN2C3C(C(C(O3)CO)O)O;1.146128035678238;0.816571236752807
Isopentenyl diphosphate;Saccharomyces cerevisiae;2.5.1.29;CC(=C)CCOP(=O)(O)OP(=O)(O)O;-3.886056647693163;-3.0767074993520285
Isopentenyl diphosphate;Saccharomyces cerevisiae;2.5.1.29;CC(=C)CCOP(=O)(O)OP(=O)(O)O;-3.6989700043360187;-3.1756882321506352
Isopentenyl diphosphate;Saccharomyces cerevisiae;2.5.1.29;CC(=C)CCOP(=O)(O)OP(=O)(O)O;-1.7695510786217261;-1.7178187867114096
Isopentenyl diphosphate;Saccharomyces cerevisiae;2.5.1.29;CC(=C)CCOP(=O)(O)OP(=O)(O)O;-1.6989700043360187;-1.6495914148761597
Isopentenyl diphosphate;Saccharomyces cerevisiae;2.5.1.29;CC(=C)CCOP(=O)(O)OP(=O)(O)O;-1.4436974992327127;-1.5283604791509733
Isopentenyl diphosphate;Saccharomyces cerevisiae;2.5.1.29;CC(=C)CCOP(=O)(O)OP(=O)(O)O;-1.431798275933005;-1.7606731931518993
Isopentenyl diphosphate;Saccharomyces cerevisiae;2.5.1.29;CC(=C)CCOP(=O)(O)OP(=O)(O)O;-1.4202164033831899;-1.412660658396433
Isopentenyl diphosphate;Saccharomyces cerevisiae;2.5.1.29;CC(=C)CCOP(=O)(O)OP(=O)(O)O;-1.3979400086720375;-1.5390091637614987
Isopentenyl diphosphate;Saccharomyces cerevisiae;2.5.1.29;CC(=C)CCOP(=O)(O)OP(=O)(O)O;-1.3767507096020994;-0.3722421858289645
Isopentenyl diphosphate;Saccharomyces cerevisiae;2.5.1.29;CC(=C)CCOP(=O)(O)OP(=O)(O)O;-1.2218487496163564;-1.773672239180673
Isopentenyl diphosphate;Saccharomyces cerevisiae;2.5.1.29;CC(=C)CCOP(=O)(O)OP(=O)(O)O;-1.1739251972991736;-2.235319164713449
Isopentenyl diphosphate;Saccharomyces cerevisiae;2.5.1.29;CC(=C)CCOP(=O)(O)OP(=O)(O)O;-0.958607314841775;-1.8075208024929783
Isopentenyl diphosphate;Saccharomyces cerevisiae;2.5.1.29;CC(=C)CCOP(=O)(O)OP(=O)(O)O;-1.2518119729937995;-0.6041759481904515
Isopentenyl diphosphate;Saccharomyces cerevisiae;2.5.1.29;CC(=C)CCOP(=O)(O)OP(=O)(O)O;-1.3279021420642825;-1.3481870609259445
Isopentenyl diphosphate;Saccharomyces cerevisiae;2.5.1.29;CC(=C)CCOP(=O)(O)OP(=O)(O)O;-1.3098039199714864;-0.5594864971444357
Isopentenyl diphosphate;Saccharomyces cerevisiae;2.5.1.29;CC(=C)CCOP(=O)(O)OP(=O)(O)O;-1.6020599913279623;-0.3469237665035174
Isopentenyl diphosphate;Saccharomyces cerevisiae;2.5.1.29;CC(=C)CCOP(=O)(O)OP(=O)(O)O;-2.0757207139381184;-0.34131183722491526
Isopentenyl diphosphate;Saccharomyces cerevisiae;2.5.1.29;CC(=C)CCOP(=O)(O)OP(=O)(O)O;-1.193820026016113;-0.36548191824903187
Isopentenyl diphosphate;Saccharomyces cerevisiae;2.5.1.29;CC(=C)CCOP(=O)(O)OP(=O)(O)O;-1.408935392973501;-0.35070208659947005
Isopentenyl diphosphate;Saccharomyces cerevisiae;2.5.1.29;CC(=C)CCOP(=O)(O)OP(=O)(O)O;-1.7958800173440752;-0.35704812702276967
Isopentenyl diphosphate;Saccharomyces cerevisiae;2.5.1.29;CC(=C)CCOP(=O)(O)OP(=O)(O)O;-1.6777807052660807;-1.9725357245135813
Isopentenyl diphosphate;Saccharomyces cerevisiae;2.5.1.29;CC(=C)CCOP(=O)(O)OP(=O)(O)O;-2.2924298239020637;-2.6632520260574633
Isopentenyl diphosphate;Saccharomyces cerevisiae;2.5.1.29;CC(=C)CCOP(=O)(O)OP(=O)(O)O;-3.207608310501746;-3.715081392782965
Isopentenyl diphosphate;Saccharomyces cerevisiae;2.5.1.29;CC(=C)CCOP(=O)(O)OP(=O)(O)O;-3.8239087409443187;-3.765653637404409
Isopentenyl diphosphate;Saccharomyces cerevisiae;2.5.1.29;CC(=C)CCOP(=O)(O)OP(=O)(O)O;-4.142667503568732;-3.798059457183381
