Substrate name,Organism,EC number,Substrate SMILES,Experimental value (log10 scale),Predicted value (log10 scale),Value,Sequence,split,Identity
"7,8-Dihydrofolate",Escherichia coli,1.5.1.3,C1C(=NC2=C(N1)N=C(NC2=O)N)CNC3=CC=C(C=C3)C(=O)NC(CCC(=O)[O-])C(=O)[O-],1.462397997898956,0.6634952291954178,29.0,MISLIAALAVDRVIGMENAMPWNLPADLAWFKRNTLNKPVIMGRHTWESIGRPLPGRKNIILSSQPGTDDRVTWVKSVDEAIAACGDVPEIMVIGGGRVYEQFLPKAQKLYLTHIDAEVEGDTHFPDYEPDDWESVFSEFHDADAQNSHSYCFEILERR,train,100.0
"7,8-Dihydrofolate",Escherichia coli,1.5.1.3,C1C(=NC2=C(N1)N=C(NC2=O)N)CNC3=CC=C(C=C3)C(=O)NC(CCC(=O)[O-])C(=O)[O-],-0.5228787452803376,0.2733282719652665,0.3,MISLIAALAVDRVIGMENAMPWNLPADLAWFKRNTLNKPVIMGPHTWESIGRPLPGRKNIILSSQPGTDDRVTWVKSVDEAIAACGDVPEIMVIGGGRVYEQFLPKAQKLYLTHIDAEVEGDTHFPDYEPDDWESVFSEFHDADAQNSHSYCFEILERR,train,100.0
"7,8-Dihydrofolate",Escherichia coli,1.5.1.3,C1C(=NC2=C(N1)N=C(NC2=O)N)CNC3=CC=C(C=C3)C(=O)NC(CCC(=O)[O-])C(=O)[O-],-0.1611509092627447,-0.0703906438243111,0.69,MISLIAALAVDRVIGMENAMPWNLPADLAWFKRNTLNKPVIMGDHTWESIGRPLPGRKNIILSSQPGTDDRVTWVKSVDEAIAACGDVPEIMVIGGGRVYEQFLPKAQKLYLTHIDAEVEGDTHFPDYEPDDWESVFSEFHDADAQNSHSYCFEILERR,train,100.0
"7,8-Dihydrofolate",Escherichia coli,1.5.1.3,C1C(=NC2=C(N1)N=C(NC2=O)N)CNC3=CC=C(C=C3)C(=O)NC(CCC(=O)[O-])C(=O)[O-],-0.0087739243075051,0.2224624833655445,0.98,MISLIAALAVDRVIGMENAMPWNLPADLAWFKRNTLNKPVIMGLHTWESIGRPLPGRKNIILSSQPGTDDRVTWVKSVDEAIAACGDVPEIMVIGGGRVYEQFLPKAQKLYLTHIDAEVEGDTHFPDYEPDDWESVFSEFHDADAQNSHSYCFEILERR,train,100.0
"7,8-Dihydrofolate",Escherichia coli,1.5.1.3,C1C(=NC2=C(N1)N=C(NC2=O)N)CNC3=CC=C(C=C3)C(=O)NC(CCC(=O)[O-])C(=O)[O-],0.0606978403536116,-0.1446170605452133,1.15,MISLIAALAVDRVIGMENAMPWNLPADLAWFKRNTLNKPVIMGIHTWESIGRPLPGRKNIILSSQPGTDDRVTWVKSVDEAIAACGDVPEIMVIGGGRVYEQFLPKAQKLYLTHIDAEVEGDTHFPDYEPDDWESVFSEFHDADAQNSHSYCFEILERR,train,100.0
"7,8-Dihydrofolate",Escherichia coli,1.5.1.3,C1C(=NC2=C(N1)N=C(NC2=O)N)CNC3=CC=C(C=C3)C(=O)NC(CCC(=O)[O-])C(=O)[O-],0.1172712956557642,0.0056454643455581,1.31,MISLIAALAVDRVIGMENAMPWNLPADLAWFKRNTLNKPVIMGVHTWESIGRPLPGRKNIILSSQPGTDDRVTWVKSVDEAIAACGDVPEIMVIGGGRVYEQFLPKAQKLYLTHIDAEVEGDTHFPDYEPDDWESVFSEFHDADAQNSHSYCFEILERR,train,100.0
"7,8-Dihydrofolate",Escherichia coli,1.5.1.3,C1C(=NC2=C(N1)N=C(NC2=O)N)CNC3=CC=C(C=C3)C(=O)NC(CCC(=O)[O-])C(=O)[O-],0.143014800254095,-0.0087375267069641,1.39,MISLIAALAVDRVIGMENAMPWNLPADLAWFKRNTLNKPVIMGFHTWESIGRPLPGRKNIILSSQPGTDDRVTWVKSVDEAIAACGDVPEIMVIGGGRVYEQFLPKAQKLYLTHIDAEVEGDTHFPDYEPDDWESVFSEFHDADAQNSHSYCFEILERR,train,100.0
"7,8-Dihydrofolate",Escherichia coli,1.5.1.3,C1C(=NC2=C(N1)N=C(NC2=O)N)CNC3=CC=C(C=C3)C(=O)NC(CCC(=O)[O-])C(=O)[O-],0.2013971243204515,0.2510532721084925,1.59,MISLIAALAVDRVIGMENAMPWNLPADLAWFKRNTLNKPVIMGHHTWESIGRPLPGRKNIILSSQPGTDDRVTWVKSVDEAIAACGDVPEIMVIGGGRVYEQFLPKAQKLYLTHIDAEVEGDTHFPDYEPDDWESVFSEFHDADAQNSHSYCFEILERR,train,100.0
"7,8-Dihydrofolate",Escherichia coli,1.5.1.3,C1C(=NC2=C(N1)N=C(NC2=O)N)CNC3=CC=C(C=C3)C(=O)NC(CCC(=O)[O-])C(=O)[O-],0.250420002308894,0.0096978066686658,1.78,MISLIAALAVDRVIGMENAMPWNLPADLAWFKRNTLNKPVIMGGHTWESIGRPLPGRKNIILSSQPGTDDRVTWVKSVDEAIAACGDVPEIMVIGGGRVYEQFLPKAQKLYLTHIDAEVEGDTHFPDYEPDDWESVFSEFHDADAQNSHSYCFEILERR,train,100.0
"7,8-Dihydrofolate",Escherichia coli,1.5.1.3,C1C(=NC2=C(N1)N=C(NC2=O)N)CNC3=CC=C(C=C3)C(=O)NC(CCC(=O)[O-])C(=O)[O-],0.2787536009528289,0.0109892207452277,1.9,MISLIAALAVDRVIGMENAMPWNLPADLAWFKRNTLNKPVIMGQHTWESIGRPLPGRKNIILSSQPGTDDRVTWVKSVDEAIAACGDVPEIMVIGGGRVYEQFLPKAQKLYLTHIDAEVEGDTHFPDYEPDDWESVFSEFHDADAQNSHSYCFEILERR,train,100.0
"7,8-Dihydrofolate",Escherichia coli,1.5.1.3,C1C(=NC2=C(N1)N=C(NC2=O)N)CNC3=CC=C(C=C3)C(=O)NC(CCC(=O)[O-])C(=O)[O-],0.3010299956639812,0.2748626134209176,2.0,MISLIAALAVDRVIGMENAMPWNLPADLAWFKRNTLNKPVIMGTHTWESIGRPLPGRKNIILSSQPGTDDRVTWVKSVDEAIAACGDVPEIMVIGGGRVYEQFLPKAQKLYLTHIDAEVEGDTHFPDYEPDDWESVFSEFHDADAQNSHSYCFEILERR,train,100.0
"7,8-Dihydrofolate",Escherichia coli,1.5.1.3,C1C(=NC2=C(N1)N=C(NC2=O)N)CNC3=CC=C(C=C3)C(=O)NC(CCC(=O)[O-])C(=O)[O-],0.3820170425748684,0.4877223868833753,2.41,MISLIAALAVDRVIGMENAMPWNLPADLAWFKRNTLNKPVIMGWHTWESIGRPLPGRKNIILSSQPGTDDRVTWVKSVDEAIAACGDVPEIMVIGGGRVYEQFLPKAQKLYLTHIDAEVEGDTHFPDYEPDDWESVFSEFHDADAQNSHSYCFEILERR,train,100.0
"7,8-Dihydrofolate",Escherichia coli,1.5.1.3,C1C(=NC2=C(N1)N=C(NC2=O)N)CNC3=CC=C(C=C3)C(=O)NC(CCC(=O)[O-])C(=O)[O-],0.3856062735983122,0.261283746263902,2.43,MISLIAALAVDRVIGMENAMPWNLPADLAWFKRNTLNKPVIMGCHTWESIGRPLPGRKNIILSSQPGTDDRVTWVKSVDEAIAACGDVPEIMVIGGGRVYEQFLPKAQKLYLTHIDAEVEGDTHFPDYEPDDWESVFSEFHDADAQNSHSYCFEILERR,train,100.0
"7,8-Dihydrofolate",Escherichia coli,1.5.1.3,C1C(=NC2=C(N1)N=C(NC2=O)N)CNC3=CC=C(C=C3)C(=O)NC(CCC(=O)[O-])C(=O)[O-],0.4842998393467858,0.5578449834282556,3.05,MISLIAALAVDRVIGMENAMPWNLPADLAWFKRNTLNKPVIMGAHTWESIGRPLPGRKNIILSSQPGTDDRVTWVKSVDEAIAACGDVPEIMVIGGGRVYEQFLPKAQKLYLTHIDAEVEGDTHFPDYEPDDWESVFSEFHDADAQNSHSYCFEILERR,train,100.0
"7,8-Dihydrofolate",Escherichia coli,1.5.1.3,C1C(=NC2=C(N1)N=C(NC2=O)N)CNC3=CC=C(C=C3)C(=O)NC(CCC(=O)[O-])C(=O)[O-],0.5185139398778874,0.2525783371438032,3.3,MISLIAALAVDRVIGMENAMPWNLPADLAWFKRNTLNKPVIMGNHTWESIGRPLPGRKNIILSSQPGTDDRVTWVKSVDEAIAACGDVPEIMVIGGGRVYEQFLPKAQKLYLTHIDAEVEGDTHFPDYEPDDWESVFSEFHDADAQNSHSYCFEILERR,test,99.4
"7,8-Dihydrofolate",Escherichia coli,1.5.1.3,C1C(=NC2=C(N1)N=C(NC2=O)N)CNC3=CC=C(C=C3)C(=O)NC(CCC(=O)[O-])C(=O)[O-],0.5797835966168101,0.5453536823565297,3.8,MISLIAALAVDRVIGMENAMPWNLPADLAWFKRNTLNKPVIMGMHTWESIGRPLPGRKNIILSSQPGTDDRVTWVKSVDEAIAACGDVPEIMVIGGGRVYEQFLPKAQKLYLTHIDAEVEGDTHFPDYEPDDWESVFSEFHDADAQNSHSYCFEILERR,train,100.0
"7,8-Dihydrofolate",Escherichia coli,1.5.1.3,C1C(=NC2=C(N1)N=C(NC2=O)N)CNC3=CC=C(C=C3)C(=O)NC(CCC(=O)[O-])C(=O)[O-],0.6627578316815741,0.5028910745902252,4.6,AISLIAALAVDRVIGMENAMPWNLPADLAWFKRNTLNKPVIMGRHTWESIGRPLPGRKNIILSSQPGTDDRVTWVKSVDEAIAAAGDVPEIMVIGGGRVYEQFLPKAQKLYLTHIDAEVEGDTHFPDYEPDDWESVFSEFHDADAQNSHSYSFEILERR,train,100.0
"7,8-Dihydrofolate",Escherichia coli,1.5.1.3,C1C(=NC2=C(N1)N=C(NC2=O)N)CNC3=CC=C(C=C3)C(=O)NC(CCC(=O)[O-])C(=O)[O-],0.6812412373755872,0.5925326590686862,4.8,PISLIAALAVDRVIGMENAMPWNLPADLAWFKRNTLNKPVIMGRHTWESIGRPLPGRKNIILSSQPGTDDRVTWVKSVDEAIAAAGDVPEIMVIGGGRVYEQFLPKAQKLYLTHIDAEVEGDTHFPDYEPDDWESVFSEFHDADAQNSHSYSFEILERR,train,100.0
"7,8-Dihydrofolate",Escherichia coli,1.5.1.3,C1C(=NC2=C(N1)N=C(NC2=O)N)CNC3=CC=C(C=C3)C(=O)NC(CCC(=O)[O-])C(=O)[O-],0.6901960800285137,0.6141755345761497,4.9,MISLIAALAVDRVIGMENAMPWNLPADLAWFKRNTLNKPVIMGRHTWESIGRPLPGRKNIILSSQPGTDDRVTWVKSVDEAIAAAGDVPEIMVIGGGRVYEQFLPKAQKLYLTHIDAEVEGDTHFPDYEPDDWESVFSEFHDADAQNSHSYSFEILERR,train,100.0
"7,8-Dihydrofolate",Escherichia coli,1.5.1.3,C1C(=NC2=C(N1)N=C(NC2=O)N)CNC3=CC=C(C=C3)C(=O)NC(CCC(=O)[O-])C(=O)[O-],0.724275869600789,0.5554517028659952,5.3,SISLIAALAVDRVIGMENAMPWNLPADLAWFKRNTLNKPVIMGRHTWESIGRPLPGRKNIILSSQPGTDDRVTWVKSVDEAIAAAGDVPEIMVIGGGRVYEQFLPKAQKLYLTHIDAEVEGDTHFPDYEPDDWESVFSEFHDADAQNSHSYSFEILERR,train,100.0
"7,8-Dihydrofolate",Escherichia coli,1.5.1.3,C1C(=NC2=C(N1)N=C(NC2=O)N)CNC3=CC=C(C=C3)C(=O)NC(CCC(=O)[O-])C(=O)[O-],0.7558748556724915,0.3753053064766197,5.7,MISLIAALAVDRVIGMENAMPWNLPADLAWFKRNTLNKPVIMGKHTWESIGRPLPGRKNIILSSQPGTDDRVTWVKSVDEAIAACGDVPEIMVIGGGRVYEQFLPKAQKLYLTHIDAEVEGDTHFPDYEPDDWESVFSEFHDADAQNSHSYCFEILERR,test,99.4
"7,8-Dihydrofolate",Escherichia coli,1.5.1.3,C1C(=NC2=C(N1)N=C(NC2=O)N)CNC3=CC=C(C=C3)C(=O)NC(CCC(=O)[O-])C(=O)[O-],0.7634279935629372,0.4867986204910988,5.8,MISLIAALAVDRVIGMENAMPWNLPADLAWFKRNTLNKPVIMGSHTWESIGRPLPGRKNIILSSQPGTDDRVTWVKSVDEAIAACGDVPEIMVIGGGRVYEQFLPKAQKLYLTHIDAEVEGDTHFPDYEPDDWESVFSEFHDADAQNSHSYCFEILERR,train,100.0
"7,8-Dihydrofolate",Escherichia coli,1.5.1.3,C1C(=NC2=C(N1)N=C(NC2=O)N)CNC3=CC=C(C=C3)C(=O)NC(CCC(=O)[O-])C(=O)[O-],1.0934216851622351,1.2624333193089257,12.4,MISLIAALAVDRVIGMENAMPWNLPADLAWFKRNTLNKPVIIGRHTWESIGRPLPGRKNIILSSQPGTDDRVTWVKSVDEAIAACGDVPEIMVIGGGRVYEQFLPKAQKLYLTHIDAEVEGDTHFPDYEPDDWESVFSEFHDADAQNSHSYCFEILERR,train,100.0
"7,8-Dihydrofolate",Escherichia coli,1.5.1.3,C1C(=NC2=C(N1)N=C(NC2=O)N)CNC3=CC=C(C=C3)C(=O)NC(CCC(=O)[O-])C(=O)[O-],1.1139433523068367,1.3243733954021035,13.0,MISLIAALAVDRVIGMENAMPWNLPADLAWFKRNTLNKPVIGGRHTWESIGRPLPGRKNIILSSQPGTDDRVTWVKSVDEAIAACGDVPEIMVIGGGRVYEQFLPKAQKLYLTHIDAEVEGDTHFPDYEPDDWESVFSEFHDADAQNSHSYCFEILERR,train,100.0
"7,8-Dihydrofolate",Escherichia coli,1.5.1.3,C1C(=NC2=C(N1)N=C(NC2=O)N)CNC3=CC=C(C=C3)C(=O)NC(CCC(=O)[O-])C(=O)[O-],1.146128035678238,1.080244567365062,14.0,MISLIAALAVDRVIGMENAMPWNLPADLAWFKRNTLNKPVIAGRHTWESIGRPLPGRKNIILSSQPGTDDRVTWVKSVDEAIAACGDVPEIMVIGGGRVYEQFLPKAQKLYLTHIDAEVEGDTHFPDYEPDDWESVFSEFHDADAQNSHSYCFEILERR,train,100.0
"7,8-Dihydrofolate",Escherichia coli,1.5.1.3,C1C(=NC2=C(N1)N=C(NC2=O)N)CNC3=CC=C(C=C3)C(=O)NC(CCC(=O)[O-])C(=O)[O-],1.1958996524092338,1.1337995489530683,15.7,MISLIAALAVDRVIGMENAMPWNLPADLAWFKRNTLNKPVIVGRHTWESIGRPLPGRKNIILSSQPGTDDRVTWVKSVDEAIAACGDVPEIMVIGGGRVYEQFLPKAQKLYLTHIDAEVEGDTHFPDYEPDDWESVFSEFHDADAQNSHSYCFEILERR,train,100.0
"7,8-Dihydrofolate",Escherichia coli,1.5.1.3,C1C(=NC2=C(N1)N=C(NC2=O)N)CNC3=CC=C(C=C3)C(=O)NC(CCC(=O)[O-])C(=O)[O-],1.2013971243204515,1.3921859300259978,15.9,MISLIAALAVDRVIGMENAMPWNLPADLAWFKRNTLNKPVIEGRHTWESIGRPLPGRKNIILSSQPGTDDRVTWVKSVDEAIAACGDVPEIMVIGGGRVYEQFLPKAQKLYLTHIDAEVEGDTHFPDYEPDDWESVFSEFHDADAQNSHSYCFEILERR,train,100.0
"7,8-Dihydrofolate",Escherichia coli,1.5.1.3,C1C(=NC2=C(N1)N=C(NC2=O)N)CNC3=CC=C(C=C3)C(=O)NC(CCC(=O)[O-])C(=O)[O-],1.209515014542631,1.070614817683536,16.2,AISLIAALAVDRVIGSENALPWNLPADLAWFKRNTLNKPVIYGRHTWESIGRPLPGRKNIILSSQPGTDDRVTWVKSVDEAIAAAGDVPEIFVIGGGRVYEQFLPKAQKLYLTHIDAEVEGDTHFPDYEPDDWESVFSEFHDADAQNSHSYSFEILERR,train,100.0
"7,8-Dihydrofolate",Escherichia coli,1.5.1.3,C1C(=NC2=C(N1)N=C(NC2=O)N)CNC3=CC=C(C=C3)C(=O)NC(CCC(=O)[O-])C(=O)[O-],1.271841606536499,1.1792886023125295,18.7,MISLIAALAVDRVIGMENAMPWNLPADLAWFKRNTLNKPVITGRHTWESIGRPLPGRKNIILSSQPGTDDRVTWVKSVDEAIAACGDVPEIMVIGGGRVYEQFLPKAQKLYLTHIDAEVEGDTHFPDYEPDDWESVFSEFHDADAQNSHSYCFEILERR,train,100.0
"7,8-Dihydrofolate",Escherichia coli,1.5.1.3,C1C(=NC2=C(N1)N=C(NC2=O)N)CNC3=CC=C(C=C3)C(=O)NC(CCC(=O)[O-])C(=O)[O-],1.276461804173244,1.2616118267966114,18.9,MISLIAALAVDRVIGMENAMPWNLPADLAWFKRNTLNKPVILGRHTWESIGRPLPGRKNIILSSQPGTDDRVTWVKSVDEAIAACGDVPEIMVIGGGRVYEQFLPKAQKLYLTHIDAEVEGDTHFPDYEPDDWESVFSEFHDADAQNSHSYCFEILERR,train,100.0
"7,8-Dihydrofolate",Escherichia coli,1.5.1.3,C1C(=NC2=C(N1)N=C(NC2=O)N)CNC3=CC=C(C=C3)C(=O)NC(CCC(=O)[O-])C(=O)[O-],1.354108439147401,1.257001392059057,22.6,MISLIAALAVDRVIGMENAMPWNLPADLAWFKRNTLNKPVISGRHTWESIGRPLPGRKNIILSSQPGTDDRVTWVKSVDEAIAACGDVPEIMVIGGGRVYEQFLPKAQKLYLTHIDAEVEGDTHFPDYEPDDWESVFSEFHDADAQNSHSYCFEILERR,train,100.0
"7,8-Dihydrofolate",Escherichia coli,1.5.1.3,C1C(=NC2=C(N1)N=C(NC2=O)N)CNC3=CC=C(C=C3)C(=O)NC(CCC(=O)[O-])C(=O)[O-],1.380211241711606,1.2787909677845155,24.0,MISLIAALAVDRVIGMENAMPWNLPADLAWFKRNTLNKPVIPGRHTWESIGRPLPGRKNIILSSQPGTDDRVTWVKSVDEAIAACGDVPEIMVIGGGRVYEQFLPKAQKLYLTHIDAEVEGDTHFPDYEPDDWESVFSEFHDADAQNSHSYCFEILERR,train,100.0
"7,8-Dihydrofolate",Escherichia coli,1.5.1.3,C1C(=NC2=C(N1)N=C(NC2=O)N)CNC3=CC=C(C=C3)C(=O)NC(CCC(=O)[O-])C(=O)[O-],1.385606273598312,1.2301754916285383,24.3,MISLIAALAVDRVIGMENAMPWNLPADLAWFKRNTLNKPVIQGRHTWESIGRPLPGRKNIILSSQPGTDDRVTWVKSVDEAIAACGDVPEIMVIGGGRVYEQFLPKAQKLYLTHIDAEVEGDTHFPDYEPDDWESVFSEFHDADAQNSHSYCFEILERR,test,99.4
"7,8-Dihydrofolate",Escherichia coli,1.5.1.3,C1C(=NC2=C(N1)N=C(NC2=O)N)CNC3=CC=C(C=C3)C(=O)NC(CCC(=O)[O-])C(=O)[O-],1.4116197059632305,1.2371958578337223,25.8,AISLIAALAVDRVIGFENALPWNLPADLAWFKRNTLNKPVIYGRHTWESIGRPLPGRKNIILSSQPGTDDRVTWVKSVDEAIAAAGDVPEIFVIGGGRVYEQFLPKAQKLYLTHIDAEVEGDTHFPDYEPDDWESVFSEFHDADAQNSHSYSFEILERR,train,100.0
"7,8-Dihydrofolate",Escherichia coli,1.5.1.3,C1C(=NC2=C(N1)N=C(NC2=O)N)CNC3=CC=C(C=C3)C(=O)NC(CCC(=O)[O-])C(=O)[O-],1.424881636631067,1.3380073289692251,26.6,MISLIAALAVDRVIGMENAMPWNLPADLAWFKRNTLNKPVIHGRHTWESIGRPLPGRKNIILSSQPGTDDRVTWVKSVDEAIAACGDVPEIMVIGGGRVYEQFLPKAQKLYLTHIDAEVEGDTHFPDYEPDDWESVFSEFHDADAQNSHSYCFEILERR,train,100.0
"7,8-Dihydrofolate",Escherichia coli,1.5.1.3,C1C(=NC2=C(N1)N=C(NC2=O)N)CNC3=CC=C(C=C3)C(=O)NC(CCC(=O)[O-])C(=O)[O-],1.4828735836087537,1.319442861363053,30.4,MISLIAALAVDRVIGMENAMPWNLPADLAWFKRNTLNKPVICGRHTWESIGRPLPGRKNIILSSQPGTDDRVTWVKSVDEAIAACGDVPEIMVIGGGRVYEQFLPKAQKLYLTHIDAEVEGDTHFPDYEPDDWESVFSEFHDADAQNSHSYCFEILERR,train,100.0
"7,8-Dihydrofolate",Escherichia coli,1.5.1.3,C1C(=NC2=C(N1)N=C(NC2=O)N)CNC3=CC=C(C=C3)C(=O)NC(CCC(=O)[O-])C(=O)[O-],1.6074550232146685,1.4439746955354142,40.5,AISLIAALAVDRVIGNENALPWNLPADLAWFKRNTLNKPVIYGRHTWESIGRPLPGRKNIILSSQPGTDDRVTWVKSVDEAIAAAGDVPEIFVIGGGRVYEQFLPKAQKLYLTHIDAEVEGDTHFPDYEPDDWESVFSEFHDADAQNSHSYSFEILERR,train,100.0
"7,8-Dihydrofolate",Escherichia coli,1.5.1.3,C1C(=NC2=C(N1)N=C(NC2=O)N)CNC3=CC=C(C=C3)C(=O)NC(CCC(=O)[O-])C(=O)[O-],1.6580113966571124,1.521006807753828,45.5,MISLIAALAVDRVIGMENAMPWNLPADLAWFKRNTLNKPVIYGRHTWESIGRPLPGRKNIILSSQPGTDDRVTWVKSVDEAIAACGDVPEIMVIGGGRVYEQFLPKAQKLYLTHIDAEVEGDTHFPDYEPDDWESVFSEFHDADAQNSHSYCFEILERR,train,100.0
"7,8-Dihydrofolate",Escherichia coli,1.5.1.3,C1C(=NC2=C(N1)N=C(NC2=O)N)CNC3=CC=C(C=C3)C(=O)NC(CCC(=O)[O-])C(=O)[O-],2.0195316845312554,1.772604571645011,104.6,MISLIAALAVDRVIGMENAMPWNLPADLAWFKRNTLNKPVIWGRHTWESIGRPLPGRKNIILSSQPGTDDRVTWVKSVDEAIAACGDVPEIMVIGGGRVYEQFLPKAQKLYLTHIDAEVEGDTHFPDYEPDDWESVFSEFHDADAQNSHSYCFEILERR,train,100.0
Glycerate 3-phosphate,Escherichia coli,1.1.1.95,C(C(C(=O)O)O)OP(=O)(O)O,0.505149978319906,0.3669123530311986,3.2,MAKVSLEKDKIKFLLVEGVHQKALESLRAAGYTNIEFHKGALDDEQLKESIRDAHFIGLRSRTHLTEDVINAAEKLVAIGCFCIGTNQVDLDAAAKRGIPVFNAPFSNTRSVAELVIGELLLLLRGVPEANAKAHRGVWNALAAGSFEARGKKLGIIGYGHIGTQLGILAESLGMYVYFYDIENKLPLGNATQVQHLSDLLNMSDVVSLHVPENPSTKNMMGAKEISLMKPGSLLINASRGTVVDIPALCDALASKHLAGAAIDVFPTEPATNSDPFTSPLCEFDNVLLTPHIGGSTQEAQENIGLEVAGKLIKYSDNGSTLSAVNFPEVSLPLHGGRRLMHIHENRPGVLTALNKIFAEQGVNIAAQYLQTSAQMGYVVIDIEADEDVAEKALQAMKAIPGTIRARLLY,train,100.0
Glycerate 3-phosphate,Escherichia coli,1.1.1.95,C(C(C(=O)O)O)OP(=O)(O)O,0.6232492903979004,0.654370820137621,4.2,MAKVSLEKDKIKFLLVEGVHQKALESLRAAGYTNIEFHKGALDDEQLKESIRDAHFIGLRSRTHLTEDVINAAEKLVAIGCFCIGTNQVDLDAAAKRGIPVFNAPFSNTRAVAELVIGELLLLLRGVPEANAKAHRGVWNKLAAGSFEARGKKLGIIGYGHIGTQLGILAESLGMYVYFYDIENKLPLGNATQVQHLSDLLNMSDVVSLHVPENPSTKNMMGAKEISLMKPGSLLINASRGTVVDIPALCDALASKHLAGAAIDVFPTEPATNSDPFTSPLCEFDNVLLTPHIGGSTQEAQENIGLEVAGALIKYSDNGSTLSAVNFPEVSLPLHGGRRLMHIHENRPGVLTALNKIFAEQGVNIAAQYLQTSAQMGYVVIDIEADEDVAEKALQAMKAIPGTIRARLLY,train,100.0
Glycerate 3-phosphate,Escherichia coli,1.1.1.95,C(C(C(=O)O)O)OP(=O)(O)O,0.6627578316815741,0.8963618728844482,4.6,MAKVSLEKDKIKFLLVEGVHQKALESLRAAGYTNIEFHKGALDDEQLKESIRDAHFIGLRSRTHLTEDVINAAEKLVAIGCFCIGTNQVDLDAAAKRGIPVFNAPFSNTRSVAELVIGELLLLLRGVPEANAKAHRGVWNKLAAGSFEARGKKLGIIGYGHIGTQLGILAESLGMYVYFYDIENKLPLGNATQVQHLSDLLNMSDVVSLHVPENPSTKNMMGAKEISLMKPGSLLINASRGTVVDIPALCDALASKHLAGAAIDVFPTEPATNSDPFTSPLCEFDNVLLTPHIGGSTQEAQENIGLEVAGKLIKYSANGSTLSAVNFPEVSLPLHGGRRLMHIHENRPGVLTALNKIFAEQGVNIAAQYLQTSAQMGYVVIDIEADEDVAEKALQAMKAIPGTIRARLLY,test,99.8
Glycerate 3-phosphate,Escherichia coli,1.1.1.95,C(C(C(=O)O)O)OP(=O)(O)O,0.6901960800285137,0.9185243714732638,4.9,MAKVSLEKDKIKFLLVEGVHQKALESLRAAGYTNIEFHKGALDDEQLKESIRDAHFIGLRSRTHLTEDVINAAEKLVAIGCFCIGTNQVDLDAAAKRGIPVFNAPFSNTRSVAELVIGELLLLLRGVPEANAKAHRGVWNKLAAGSFEARGKKLGIIGYGHIGTQLGILAESLGMYVYFYDIENKLPLGNATQVQHLSDLLNMSDVVSLHVPENPSTKNMMGAKEISLMKPGSLLINASRGTVVDIPALCDALASKHLAGAAIDVFPTEPATNSDPFTSPLCEFDNVLLTPHIGGSTQAAQENIGLEVAGKLIKYSDNGSTLSAVNFPEVSLPLHGVRRLMHIHENRPGVLTALNKIFAEQGVNIAAQYLQTSAQMGYVVIDIEADEDVAEKALQAMKAIPGTIRARLLY,test,99.5
Glycerate 3-phosphate,Escherichia coli,1.1.1.95,C(C(C(=O)O)O)OP(=O)(O)O,0.7160033436347992,0.6426735591156933,5.2,MAKVSLEKDKIKFLLVEGVHQKALESLRAAGYTNIEFHKGALDDEQLKESIRDAHFIGLRSRTHLTEDVINAAEKLVAIGCFCIGTNQVDLDAAAKRGIPVFNAPFSNTRSVAELVIGELLLLLRGVPEANAKAHRGVWNKLAAGSFEARGKKLGIIGYGHIGTQLGILAESLGMYVYFYDIENKLPLGNATQVQHLSDLLNMSDVVSLHVPENPSTKNMMGAKEISLMKPGSLLINASRGTVVDIPALCDALASKHLAGAAIDVFPTEPATNSDPFTSPLCEFDNVLLTPHIGGSTQEAQENIGLEVAGALIKYSDNGSTLSAVNFPEVSLPLHGGRRLMHIHENRPGVLTALNKIFAEQGVNIAAQYLQTSAQMGYVVIDIEADEDVAEKALQAMKAIPGTIRARLLY,train,100.0
Glycerate 3-phosphate,Escherichia coli,1.1.1.95,C(C(C(=O)O)O)OP(=O)(O)O,0.7634279935629372,0.783454236709593,5.8,MAKVSLEKDKIKFLLVEGVHQKALESLRAAGYTNIEFHKGALDDEQLKESIRDAHFIGLRSRTHLTEDVINAAEKLVAIGCFCIGTNQVDLDAAAKRGIPVFNAPFSNTRSVAELVIGELLLLLRGVPEANAKAHRGVWNKLAAGSFEARGKKLGIIGYGHIGTQLGILAESLGMYVYFYDIENKLPLGNATQVQHLSDLLNMSDVVSLHVPENPSTKNMMGAKEISLMKPGSLLINASRGTVVDIPALCDALASKHLAGAAIDVFPTEPATNSDPFTSPLCEFDNVLLTPHIGGSTQEAQENIGLEVAGKLIKYSDNGSTLSAVNFPEVSLPLHGGARLMHIHENRPGVLTALNKIFAEQGVNIAAQYLQTSAQMGYVVIDIEADEDVAEKALQAMKAIPGTIRARLLY,train,100.0
Glycerate 3-phosphate,Escherichia coli,1.1.1.95,C(C(C(=O)O)O)OP(=O)(O)O,0.7781512503836436,0.8819675958195582,6.0,MAKVSLEKDKIKFLLVEGVHQKALESLRAAGYTNIEFHKGALDDEQLKESIRDAHFIGLRSRTHLTEDVINAAEKLVAIGCFCIGTNQVDLDAAAKRGIPVFNAPFSNTRSVAELVIGELLLLLRGVPEANAKAHRGVWNKLAAGSFEARGKKLGIIGYGHIGTQLGILAESLGMYVYFYDIENKLPLGNATQVQHLSDLLNMSDVVSLHVPENPSTKNMMGAKEISLMKPGSLLINASRGTVVDIPALCDALASKHLAGAAIDVFPTEPATNSDPFTSPLCEFDNVLLTPHIGGSTQEAQENIGLEVAGKLIKYSDNGSTLSAVNFPEVSLPLHGGRRLMHIHENRPVVLTALNKIFAEQGVNIAAQYLQTSAQMGYVVIDIEADEDVAEKALQAMKAIPGTIRARLLY,train,100.0
Glycerate 3-phosphate,Escherichia coli,1.1.1.95,C(C(C(=O)O)O)OP(=O)(O)O,0.8061799739838872,0.843898099767281,6.4,MAKVSLEKDKIKFLLVEGVHQKALESLRAAGYTNIEFHKGALDDEQLKESIRDAHFIGLRSRTHLTEDVINAAEKLVAIGCFCIGTNQVDLDAAAKRGIPVFNAPFSNTRSVAELVIGELLLLLRGVPEANAKAHRGVWNKLAAGSFEARGKKLGIIGYGHIGTQLGILAESLGMYVYFYDIENKLPLGNATQVQHLSDLLNMSDVVSLHVPENPSTKNMMGAKEISLMKPGSLLINASRGTVVDIPALCDALASKHLAGAAIDVFPTEPATNSDPFTSPLCEFDNVLLTPHIGGSTQEAQENIGLEVAGKLIKYSDNGSTLSAVNFPEVSLPLHGGRRLMHIHENRPGVLTALNKIFAEQVVNIAAQYLQTSAQMGYVVIDIEADEDVAEKALQAMKAIPGTIRARLLY,train,100.0
Glycerate 3-phosphate,Escherichia coli,1.1.1.95,C(C(C(=O)O)O)OP(=O)(O)O,0.8450980400142568,0.8737591300993601,7.0,MAKVSLEKDKIKFLLVEGVHQKALESLRAAGYTNIEFHKGALDDEQLKESIRDAHFIGLRSRTHLTEDVINAAEKLVAIGCFCIGTNQVDLDAAAKRGIPVFNAPFSNTRSVAELVIGELLLLLRGVPEANAKAHRGVWNKLAAGSFEARGKKLGIIGYGHIGTQLGILAESLGMYVYFYDIENKLPLGNATQVQHLSDLLNMSDVVSLHVPENPSTKNMMGAKEISLMKPGSLLINASRGTVVDIPALCDALASKHLAGAAIDVFPTEPATNSDPFTSPLCEFDNVLLTPHIGGSAQEAQENIGLEVAGKLIKYSDNGSTLSAVNFPEVSLPLHGGRRLMHIHENRPGVLTALNKIFAEQGVNIAAQYLQTSAQMGYVVIDIEADEDVAEKALQAMKAIPGTIRARLLY,train,100.0
Glycerate 3-phosphate,Escherichia coli,1.1.1.95,C(C(C(=O)O)O)OP(=O)(O)O,0.8692317197309762,0.918558678080016,7.4,MAKVSLEKDKIKFLLVEGVHQKALESLRAAGYTNIEFHKGALDDEQLKESIRDAHFIGLRSRTHLTEDVINAAEKLVAIGCFCIGTNQVDLDAAAKRGIPVFNAPFSNTRSVAELVIGELLLLLRGVPEANAKAHRGVWNKLAAGSFEARGKKLGIIGYGHIGTQLGILAESLGMYVYFYDIENKLPLGNATQVQHLSDLLNMSDVVSLHVPENPSTKNMMGAKEISLMKPGSLLINASRGTVVDIPALCDALASKHLAGAAIDVFPTEPATNSDPFTSPLCEFDNVLLTPHIGGATQEAQENIGLEVAGKLIKYSDNGSTLSAVNFPEVSLPLHGGRRLMHIHENRPGVLTALNKIFAEQGVNIAAQYLQTSAQMGYVVIDIEADEDVAEKALQAMKAIPGTIRARLLY,train,100.0
Glycerate 3-phosphate,Escherichia coli,1.1.1.95,C(C(C(=O)O)O)OP(=O)(O)O,0.8750612633917001,0.8983484263746062,7.5,MAKVSLEKDKIKFLLVEGVHQKALESLRAAGYTNIEFHKGALDDEQLKESIRDAHFIGLRSRTHLTEDVINAAEKLVAIGCFCIGTNQVDLDAAAKRGIPVFNAPFSNTRAVAELVIGELLLLLRGVPEANAKAHRGVWNKLAAGSFEARGKKLGIIGYGHIGTQLGILAESLGMYVYFYDIENKLPLGNATQVQHLSDLLNMSDVVSLHVPENPSTKNMMGAKEISLMKPGSLLINASRGTVVDIPALCDALASKHLAGAAIDVFPTEPATNSDPFTSPLCEFDNVLLTPHIGGSTQEAQENIGLEVAGKLIKYSDNGSTLSAVNFPEVSLPLHGGRRLMHIHENRPGVLTALNKIFAEQGVNIAAQYLQTSAQMGYVVIDIEADEDVAEKALQAMKAIPGTIRARLLY,train,100.0
Glycerate 3-phosphate,Escherichia coli,1.1.1.95,C(C(C(=O)O)O)OP(=O)(O)O,0.8920946026904804,0.8659589704164289,7.8,MAKVSLEKDKIKFLLVEGVHQKALESLRAAGYTNIEFHKGALDDEQLKESIRDAHFIGLRSRTHLTEDVINAAEKLVAIGCFCIGTNQVDLDAAAKRGIPVFNAPFSNTRSVAELVIGELLLLLRGVPEANAKAHRGVWNKLAAGSFEARGKKLGIIGYGHIGTQLGILAESLGMYVYFYDIENKLPLGNATQVQHLSDLLNMSDVVSLHVPENPSTKNMMGAKEISLMKPGSLLINASRGTVVDIPALCDALASKHLAGAAIDVFPTEPATNSDPFTSPLCEFDNVLLTPHIGGSTQEAQENIGLEVAGKLIKYSDNGSTLSAVNFPEVSLPLAGGRRLMHIHENRPGVLTALNKIFAEQGVNIAAQYLQTSAQMGYVVIDIEADEDVAEKALQAMKAIPGTIRARLLY,test,99.8
Glycerate 3-phosphate,Escherichia coli,1.1.1.95,C(C(C(=O)O)O)OP(=O)(O)O,0.9344984512435676,0.8583228795683002,8.6,MAKVSLEKDKIKFLLVEGVHQKALESLRAAGYTNIEFHKGALDDEQLKESIRDAHFIGLRSRTHLTEDVINAAEKLVAIGCFCIGTNQVDLDAAAKRGIPVFNAPFSNTRSVAELVIGELLLLLRGVPEANAKAHRGVWNKLVAGSFEARGKKLGIIGYGHIGTQLGILAESLGMYVYFYDIENKLPLGNATQVQHLSDLLNMSDVVSLHVPENPSTKNMMGAKEISLMKPGSLLINASRGTVVDIPALCDALASKHLAGAAIDVFPTEPATNSDPFTSPLCEFDNVLLTPHIGGSTQEAQENIGLEVAGKLIKYSDNGSTLSAVNFPEVSLPLHGGRRLMHIHENRPGVLTALNKIFAEQGVNIAAQYLQTSAQMGYVVIDIEADEDVAEKALQAMKAIPGTIRARLLY,train,100.0
Glycerate 3-phosphate,Escherichia coli,1.1.1.95,C(C(C(=O)O)O)OP(=O)(O)O,0.9395192526186184,0.8809601442735722,8.7,MAKVSLEKDKIKFLLVEGVHQKALESLRAAGYTNIEFHKGALDDEQLKESIRDAHFIGLRSRTHLTEDVINAAEKLVAIGCFCIGTNQVDLDAAAKRGIPVFNAPFSNTRSVAELVIGELLLLLRGVPEANAKAHRGVWNKLAAVSFEARGKKLGIIGYGHIGTQLGILAESLGMYVYFYDIENKLPLGNATQVQHLSDLLNMSDVVSLHVPENPSTKNMMGAKEISLMKPGSLLINASRGTVVDIPALCDALASKHLAGAAIDVFPTEPATNSDPFTSPLCEFDNVLLTPHIGGSTQEAQENIGLEVAGKLIKYSDNGSTLSAVNFPEVSLPLHGGRRLMHIHENRPGVLTALNKIFAEQGVNIAAQYLQTSAQMGYVVIDIEADEDVAEKALQAMKAIPGTIRARLLY,train,100.0
Glycerate 3-phosphate,Escherichia coli,1.1.1.95,C(C(C(=O)O)O)OP(=O)(O)O,0.9542425094393248,0.8798206338229331,9.0,MAKVSLEKDKIKFLLVEGVHQKALESLRAAGYTNIEFHKGALDDEQLKESIRDAHFIGLRSRTHLTEDVINAAEKLVAIGCFCIGTNQVDLDAAAKRGIPVFNAPFANTRSVAELVIGELLLLLRGVPEANAKAHRGVWNKLAAGSFEARGKKLGIIGYGHIGTQLGILAESLGMYVYFYDIENKLPLGNATQVQHLSDLLNMSDVVSLHVPENPSTKNMMGAKEISLMKPGSLLINASRGTVVDIPALCDALASKHLAGAAIDVFPTEPATNSDPFTSPLCEFDNVLLTPHIGGSTQEAQENIGLEVAGKLIKYSDNGSTLSAVNFPEVSLPLHGGRRLMHIHENRPGVLTALNKIFAEAGVNIAAQYLQTSAQMGYVVIDIEADEDVAEKALQAMKAIPGTIRARLLY,train,100.0
Glycerate 3-phosphate,Escherichia coli,1.1.1.95,C(C(C(=O)O)O)OP(=O)(O)O,0.9684829485539352,0.8771012251830949,9.3,MAKVSLEKDKIKFLLVEGVHQKALESLRAAGYTNIEFHKGALDDEQLKESIRDAHFIGLRSRTHLTEDVINAAEKLVAIGCFCIGTNQVDLDAAAKRGIPVFNAPFSNTRSVAELVIGELLLLLRGVPEANAKAHRGVWNKLAAGSFEARGKKLGIIGYGHIGTQLGILAESLGMYVYFYDIENKLPLGNATQVQHLSDLLNMSDVVSLHVPENPSTKNMMGAKEISLMKPGSLLINASRGTVVDIPALCDALASKHLAGAAIDVFPTEPATNSDPFTSPLCEFDNVLLTPHIGGSTQEAQENIGLEVAGKLIKYSDNGSTLSAVNFPEVSLPLHGGRRLMHIHENRAGVLTALNKIFAEQGVNIAAQYLQTSAQMGYVVIDIEADEDVAEKALQAMKAIPGTIRARLLY,test,99.8
Glycerate 3-phosphate,Escherichia coli,1.1.1.95,C(C(C(=O)O)O)OP(=O)(O)O,0.9822712330395684,0.7692914933547087,9.6,MAKVSLEKDKIKFLLVEGVHQKALESLRAAGYTNIEFHKGALDDEQLKESIRDAHFIGLRSRTHLTEDVINAAEKLVAIGCFCIGTNQVDLDAAAKRGIPVFNAPFSNTRSVAELVIGELLLLLRGVPEANAKAHRGVWNKLAAGSFEARGKKLGIIGYGHIGTQLGILAESLGMYVYFYDIENKLPLGNATQVQHLSDLLNMSDVVSLHVPENPSTKNMMGAKEISLMKPGSLLINASRGTVVDIPALCDALASKHLAGAAIDVFPTEPATNSDPFTSPLCEFDNVLLTPHIGGSTQEAQEAIGLEVAGALIKYSDNGSTLSAVNFPEVSLPLHGGRRLMHIHENRPGVLTALNKIFAEQGVNIAAQYLQTSAQMGYVVIDIEADEDVAEKALQAMKAIPGTIRARLLY,train,100.0
Glycerate 3-phosphate,Escherichia coli,1.1.1.95,C(C(C(=O)O)O)OP(=O)(O)O,0.9912260756924948,0.676424298358954,9.8,MAKVSLEKDKIKFLLVEGVHQKALESLRAAGYTNIEFHKGALDDEQLKESIRDAHFIGLRSRTHLTEDVINAAEKLVAIGCFCIGTNQVDLDAAAKRGIPVFNAPFSNTRSVAELVIGELLLLLRGVPEANAKAHRGVWNKLAAGSFEARGKKLGIIGYGHIGTQLGILAESLGMYVYFYDIENKLPLGNATQVQHLSDLLNMSDVVSLHVPENPSTKNMMGAKEISLMKPGSLLINASRGTVVDIPALCDALASKHLAGAAIDVFPTEPATNSDPFTSPLCEFDNVLLTPHIGGSTQEAQENIGLEVAGKLIKYSDNGSTLSAVNFPEVSLPLHGGRRLMHIAENRPGVLTALNKIFAEQGVNIAAQYLQTSAQMGYVVIDIEADEDVAEKALQAMKAIPGTIRARLLY,train,100.0
Glycerate 3-phosphate,Escherichia coli,1.1.1.95,C(C(C(=O)O)O)OP(=O)(O)O,0.99563519459755,0.8859129991383544,9.9,MAKVSLEKDKIKFLLVEGVHQKALESLRAAGYTNIEFHKGALDDEQLKESIRDAHFIGLRSRTHLTEDVINAAEKLVAIGCFCIGTNQVDLDAAAKRGIPVFNAPFSNTRSVAELVIGELLLLLRGVPEANAKAHRGVWNKLAAGSFEARGKKLGIIGYGHIGTQLGILAESLGMYVYFYDIENKLPLGNATQVQHLSDLLNMSDVVSLHVPENPSTKNMMGAKEISLMKPGSLLINASRGTVVDIPALCDALASKHLAGAAIDVFPTEPATNSDPFTSPLCEFDNVLLTPHIGGSTQEAQENIGLEVAGKLIKYSDNGSTLSAVNFPEVSLPLHVGRRLMHIHENRPGVLTALNKIFAEQGVNIAAQYLQTSAQMGYVVIDIEADEDVAEKALQAMKAIPGTIRARLLY,train,100.0
Glycerate 3-phosphate,Escherichia coli,1.1.1.95,C(C(C(=O)O)O)OP(=O)(O)O,1.0253058652647702,0.902283638190978,10.6,MAKVSLEKDKIKFLLVEGVHQKALESLRAAGYTNIEFHKGALDDEQLKESIRDAHFIGLRSRTHLTEDVINAAEKLVAIGCFCIGTNQVDLDAAAKRGIPVFNAPFSNTRSVAELVIGELLLLLRGVPEANAKAHRGVWNKLAAGSFEARGKKLGIIGYGHIGTQLGILAESLGMYVYFYDIENKLPLGNATQVQHLSDLLNMSDVVSLHVPENPSTKNMMGAKEISLMKPGSLLINASRGTVVDIPALCDALASKHLAGAAIDVFPTEPATNSDPFTSPLCEFDNVLLTPHIGGSTQEAAENIGLEVAGKLIKYSDNGSTLSAVNFPEVSLPLHGGRRLMHIHENRPGVLTALNKIFAEQGVNIAAQYLQTSAQMGYVVIDIEADEDVAEKALQAMKAIPGTIRARLLY,train,100.0
Glycerate 3-phosphate,Escherichia coli,1.1.1.95,C(C(C(=O)O)O)OP(=O)(O)O,1.0334237554869496,0.8862357539721721,10.8,MAKVSLEKDKIKFLLVEGVHQKALESLRAAGYTNIEFHKGALDDEQLKESIRDAHFIGLRSRTHLTEDVINAAEKLVAIGCFCIGTNQVDLDAAAKRGIPVFNAPFSNTRSVAELVIGELLLLLRGVPEANAKAHRGVWNKLAAGSFEARGKKLGIIGYGHIGTQLGILAESLGMYVYFYDIENKLPLGNATQVQHLSDLLNMSDVVSLHVPENPSTKNMMGAKEISLMKPGSLLINASRGTVVDIPALCDALASKHLAGAAIDVFPTEPATNSDPFTSPLCEFDNVLLTPHIGGSTQEAQENIGLEVAGKLIKYSDNGSTLSAVNFPEVSLPLHGGRRLMHIHENRPGVLTALNKIFAAQGVNIAAQYLQTSAQMGYVVIDIEADEDVAEKALQAMKAIPGTIRARLLY,train,100.0
Glycerate 3-phosphate,Escherichia coli,1.1.1.95,C(C(C(=O)O)O)OP(=O)(O)O,1.0413926851582251,0.8873290438061826,11.0,MAKVSLEKDKIKFLLVEGVHQKALESLRAAGYTNIEFHKGALDDEQLKESIRDAHFIGLRSRTHLTEDVINAAEKLVAIGCFCIGTNQVDLDAAAKRGIPVFNAPFSNTRSVAELVIGELLLLLRGVPEANAKAHRGVWNKLAAGSFEARGKKLGIIGYGHIGTQLGILAESLGMYVYFYDIENKLPLGNATQVQHLSDLLNMSDVVSLHVPENPSTKNMMGAKEISLMKPGSLLINASRGTVVDIPALCDALASKHLAGAAIDVFPTEPATNSDPFTSPLCEFDNVLLTPHIGGSTQEAQENIGLEVAGKLIKYSDNGSTLAAVNFPEVSLPLHGGRRLMHIHENRPGVLTALNKIFAEQGVNIAAQYLQTSAQMGYVVIDIEADEDVAEKALQAMKAIPGTIRARLLY,train,100.0
Glycerate 3-phosphate,Escherichia coli,1.1.1.95,C(C(C(=O)O)O)OP(=O)(O)O,1.0492180226701815,0.9409780455926104,11.2,MAKVSLEKDKIKFLLVEGVHQKALESLRAAGYTNIEFHKGALDDEQLKESIRDAHFIGLRSRTHLTEDVINAAEKLVAIGCFCIGTNQVDLDAAAKRGIPVFNAPFSNTRSVAELVIGELLLLLRGVPEANAKAHRGVWNKLAAGSFEARGKKLGIIGYGHIGTQLGILAESLGMYVYFYDIENKLPLGNATQVQHLSDLLNMSDVVSLHVPENPSTKNMMGAKEISLMKPGSLLINASRGTVVDIPALCDALASKHLAGAAIDVFPTEPATNSDPFTSPLCEFDNVLLTPHIGGSTQEAQANIGLEVAGKLIKYSDNGSTLSAVNFPEVSLPLHGGRRLMHIHENRPGVLTALNKIFAEQGVNIAAQYLQTSAQMGYVVIDIEADEDVAEKALQAMKAIPGTIRARLLY,test,99.8
Glycerate 3-phosphate,Escherichia coli,1.1.1.95,C(C(C(=O)O)O)OP(=O)(O)O,1.0569048513364727,0.9311089391464008,11.4,MAKVSLEKDKIKFLLVEGVHQKALESLRAAGYTNIEFHKGALDDEQLKESIRDAHFIGLRSRTHLTEDVINAAEKLVAIGCFCIGTNQVDLDAAAKRGIPVFNAPFANTRAVAELVIGELLLLLRGVPEANAKAHRGVWNKLAAGSFEARGKKLGIIGYGHIGTQLGILAESLGMYVYFYDIENKLPLGNATQVQHLSDLLNMSDVVSLHVPENPSTKNMMGAKEISLMKPGSLLINASRGTVVDIPALCDALASKHLAGAAIDVFPTEPATNSDPFTSPLCEFDNVLLTPHIGGSTQEAQENIGLEVAGKLIKYSDNGSTLSAVNFPEVSLPLHGGRRLMHIHENRPGVLTALNKIFAEQGVNIAAQYLQTSAQMGYVVIDIEADEDVAEKALQAMKAIPGTIRARLLY,train,100.0
Glycerate 3-phosphate,Escherichia coli,1.1.1.95,C(C(C(=O)O)O)OP(=O)(O)O,1.0606978403536116,0.9579884526213628,11.5,MAKVSLEKDKIKFLLVEGVHQKALESLRAAGYTNIEFHKGALDDEQLKESIRDAHFIGLRSRTHLTEDVINAAEKLVAIGCFCIGTNQVDLDAAAKRGIPVFNAPFSNTRSVAELVIGELLLLLRGVPEANAKAHRGVWNKLAAGSFEARGKKLGIIGYGHIGTQLGILAESLGMYVYFYDIENKLPLGNATQVQHLSDLLNMSDVVSLHVPENPSTKNMMGAKEISLMKPGSLLINASRGTVVDIPALCDALASKHLAGAAIDVFPTEPATNSDPFTSPLCEFDNVLLTPHIGGSTAEAQENIGLEVAGKLIKYADNGSTLSAVNFPEVSLPLHGGRRLMHIHENRPGVLTALNKIFAEQGVNIAAQYLQTSAQMGYVVIDIEADEDVAEKALQAMKAIPGTIRARLLY,train,100.0
Glycerate 3-phosphate,Escherichia coli,1.1.1.95,C(C(C(=O)O)O)OP(=O)(O)O,1.0681858617461617,0.8781401842612236,11.7,MAKVSLEKDKIKFLLVEGVHQKALESLRAAGYTNIEFHKGALDDEQLKESIRDAHFIGLRSRTHLTEDVINAAEKLVAIGCFCIGTNQVDLDAAAKRGIPVFNAPFSNTRSVAELVIGELLLLLRGVPEANAKAHRGVWNKLAAGSFEARGKKLGIIGYGHIGTQLGILAESLGMYVYFYDIENKLPLGNATQVQHLSDLLNMSDVVSLHVPENPSTKNMMGAKEISLMKPGSLLINASRGTVVDIPALCDALASKHLAGAAIDVFPTEPATNSDPFTSPLCEFDNVLLTPHIGGSTQEAQENIGLEVAGKLIKYSDNGSTLSAVNFPEVSLPLHGGRRLMHIHENRPGVLTALNKIFAEQGVNIAAQYLQTSVQMGYVVIDIEADEDVAEKALQAMKAIPGTIRARLLY,train,100.0
Glycerate 3-phosphate,Escherichia coli,1.1.1.95,C(C(C(=O)O)O)OP(=O)(O)O,1.0718820073061257,0.8260107929031751,11.8,MAKVSLEKDKIKFLLVEGVHQKALESLRAAGYTNIEFHKGALDDEQLKESIRDAHFIGLRSRTHLTEDVINAAEKLVAIGCFCIGTNQVDLDAAAKRGIPVFNAPFSNTRSVAELVIGELLLLLRGVPEANAKAHRGVWNKLAAGSFEARGKKLGIIGYGHIGTQLGILAESLGMYVYFYDIENKLPLGNATQVQHLSDLLNMSDVVSLHVPENPSTKNMMGAKEISLMKPGSLLINASRGTVVDIPALCDALASKHLAGAAIDVFPTEPATNSDPFTSPLCEFDNVLLTPHIGGSTQEAQENIGLEVAGKLIKYSDNGSTLSAVNFPEVSLPLHGGRRLMHIHENRPGVLTALNKIFAEQGVAIAAQYLQTSAQMGYVVIDIEADEDVAEKALQAMKAIPGTIRARLLY,train,100.0
Glycerate 3-phosphate,Escherichia coli,1.1.1.95,C(C(C(=O)O)O)OP(=O)(O)O,1.0755469613925308,0.8368564175323786,11.9,MAKVSLEKDKIKFLLVEGVHQKALESLRAAGYTNIEFHKGALDDEQLKESIRDAHFIGLRSRTHLTEDVINAAEKLVAIGCFCIGTNQVDLDAAAKRGIPVFNAPFSNTRSVAELVIGELLLLLRGVPEANAKAHRGVWNKLAAGSFEARGKKLGIIGYGHIGTQLGILAESLGMYVYFYDIENKLPLGNATQVQHLSDLLNMSDVVSLHVPENPSTKNMMGAKEISLMKPGSLLINASRGTVVDIPALCDALASKHLAGAAIDVFPTEPATNSDPFTSPLCEFDNVLLTPHIGGSTQEAQENIGLEVAGKLIKYSDNGSTLSAVNFPEVSLPLHGGRRLMHIHANRPGVLTALNKIFAEQGVNIAAQYLQTAAQMGYVVIDIEADEDVAEKALQAMKAIPGTIRARLLY,train,100.0
Glycerate 3-phosphate,Escherichia coli,1.1.1.95,C(C(C(=O)O)O)OP(=O)(O)O,1.08278537031645,0.878915169072334,12.1,MAKVSLEKDKIKFLLVEGVHQKALESLRAAGYTNIEFHKGALDDEQLKESIRDAHFIGLRSRTHLTEDVINAAEKLVAIGCFCIGTNQVDLDAAAKRGIPVFNAPFSNTRSVAELVIGELLLLLRGVPEANAKAHRGVWNKLAAGSFEARGKKLGIIGYGHIGTQLGILAESLGMYVYFYDIENKLPLGNATQVQHLSDLLNMSDVVSLHVPENPSTKNMMGAKEISLMKPGSLLINASRGTVVDIPALCDALASKHLAGAAIDVFPTEPATNSDPFTSPLCEFDNVLLTPHIGGSTQEAQENIGLEVAGKLIKYSDNGSTLSAVNFPEVSLPLHGGRRLMHIHENAPGVLTALNKIFAEQGVNIAAQYLQTSAQMGYVVIDIEADEDVAEKALQAMKAIPGTIRARLLY,test,99.8
Glycerate 3-phosphate,Escherichia coli,1.1.1.95,C(C(C(=O)O)O)OP(=O)(O)O,1.089905111439398,0.8887936775383858,12.3,MAKVSLEKDKIKFLLVEGVHQKALESLRAAGYTNIEFHKGALDDEQLKESIRDAHFIGLRSRTHLTEDVINAAEKLVAIGCFCIGTNQVDLDAAAKRGIPVFNAPFSNTRSVAELVIGELLLLLRGVPEANAKAHRGVWNKLAAGSFEARGKKLGIIGYGHIGTQLGILAESLGMYVYFYDIENKLPLGNATQVQHLSDLLNMSDVVSLHVPENPSTKNMMGAKEISLMKPGSLLINASRGTVVDIPALCDALASKHLAGAAIDVFPTEPATNSDPFTSPLCEFDNVLLTPHIGGSTQEAQENIGLAVAGKLIKYSDNGSTLSAVNFPEVSLPLHGGRRLMHIHENRPGVLTALNKIFAEQGVNIAAQYLQTSAQMGYVVIDIEADEDVAEKALQAMKAIPGTIRARLLY,train,100.0
Glycerate 3-phosphate,Escherichia coli,1.1.1.95,C(C(C(=O)O)O)OP(=O)(O)O,1.0934216851622351,0.9396279586059648,12.4,MAKVSLEKDKIKFLLVEGVHQKALESLRAAGYTNIEFHKGALDDEQLKESIRDAHFIGLRSRTHLTEDVINAAEKLVAIGCFCIGTNQVDLDAAAKRGIPVFNAPFSNTRSVAELVIGELLLLLRGVPEANAKAHRGVWNKLAAGSFEARGKKLGIIGYGHIGTQLGILAESLGMYVYFYDIENKLPLGNATQVQHLSDLLNMSDVVSLHVPENPSTKNMMGAKEISLMKPGSLLINASRGTVVDIPALCDALASKHLAGAAIDVFPTEPATNSDPFTSPLCEFDNVLLTPHIGGSTQEAQEAIGLEVAGKLIKYSDNGSTLSAVNFPEVSLPLHGGRRLMHIHENRPGVLTALNKIFAEQGVNIAAQYLQTSAQMGYVVIDIEADEDVAEKALQAMKAIPGTIRARLLY,train,100.0
Glycerate 3-phosphate,Escherichia coli,1.1.1.95,C(C(C(=O)O)O)OP(=O)(O)O,1.1072099696478683,0.8858072084723443,12.8,MAKVSLEKDKIKFLLVEGVHQKALESLRAAGYTNIEFHKGALDDEQLKESIRDAHFIGLRSRTHLTEDVINAAEKLVAIGCFCIGTNQVDLDAAAKRGIPVFNAPFSNTRSVAELVIGELLLLLRGVPEANAKAHRGVWNKLAAGSFEARGKKLGIIGYGHIGTQLGILAESLGMYVYFYDIENKLPLGNATQVQHLSDLLNMSDVVSLHVPENPSTKNMMGAKEISLMKPGSLLINASRGTVVDIPALCDALASKHLAGAAIDVFPTEPATNSDPFTSPLCEFDNVLLTPHIGGSTQEAQENIGLEVAGKLIKYSDNGSTLSAVNFPEVSLPLHGGRRLMHIHENRPGVLTALNKIFAEQGVNIAAQYLQTSAQMGYVVIDIEADADVAEKALQAMKAIPGTIRARLLY,train,100.0
Glycerate 3-phosphate,Escherichia coli,1.1.1.95,C(C(C(=O)O)O)OP(=O)(O)O,1.1172712956557642,0.8956740182419513,13.1,MAKVSLEKDKIKFLLVEGVHQKALESLRAAGYTNIEFHKGALDDEQLKESIRDAHFIGLRSRTHLTEDVINAAEKLVAIGCFCIGTNQVDLDAAAKRGIPVFNAPFSNTRSVAELVIGELLLLLRGVPEANAKAHRGVWNKLAAGSFEARGKKLGIIGYGHIGTQLGILAESLGMYVYFYDIENKLPLGNATQVQHLSDLLNMSDVVSLHVPENPSTKNMMGAKEISLMKPGSLLINASRGTVVDIPALCDALASKHLAGAAIDVFPTEPATNSDPFTSPLCEFDNVLLTPHIGGSTQEAQENIGLEVAGKLIKYSDNGSTLSAVNFPEVSLPLHGGRRLMHIHENRPGVLTALNKIFAEQGVNIAAQYLQTSAQMGYVVIDIEAAEDVAEKALQAMKAIPGTIRARLLY,train,100.0
Glycerate 3-phosphate,Escherichia coli,1.1.1.95,C(C(C(=O)O)O)OP(=O)(O)O,1.130333768495006,0.8828063134063924,13.5,MAKVSLEKDKIKFLLVEGVHQKALESLRAAGYTNIEFHKGALDDEQLKESIRDAHFIGLRSRTHLTEDVINAAEKLVAIGCFCIGTNQVDLDAAAKRGIPVFNAPFSNTRSVAELVIGELLLLLRGVPEANAKAHRGVWNKLAAGSFEARGKKLGIIGYGHIGTQLGILAESLGMYVYFYDIENKLPLGNATQVQHLSDLLNMSDVVSLHVPENPSTKNMMGAKEISLMKPGSLLINASRGTVVDIPALCDALASKHLAGAAIDVFPTEPATNSDPFTSPLCEFDNVLLTPHIGGSTQEAQENIGLEVAGKLIKYSDNGSTLSAVNFPEVSLPLHGGRRLMHIHENRPGVLTALNKIFAEQGVNIAAQYLQTSAQMGYVVIDIEADEDVAEKALQAMKAIPGTIRARLLY,train,100.0
Glycerate 3-phosphate,Escherichia coli,1.1.1.95,C(C(C(=O)O)O)OP(=O)(O)O,1.1398790864012365,0.905745232229195,13.8,MAKVSLEKDKIKFLLVEGVHQKALESLRAAGYTNIEFHKGALDDEQLKESIRDAHFIGLRSRTHLTEDVINAAEKLVAIGCFCIGTNQVDLDAAAKRGIPVFNAPFSNTRSVAELVIGELLLLLRGVPEANAKAHRGVWNKLAVGSFEARGKKLGIIGYGHIGTQLGILAESLGMYVYFYDIENKLPLGNATQVQHLSDLLNMSDVVSLHVPENPSTKNMMGAKEISLMKPGSLLINASRGTVVDIPALCDALASKHLAGAAIDVFPTEPATNSDPFTSPLCEFDNVLLTPHIGGSTQEAQENIGLEVAGKLIKYSDNGSTLSAVNFPEVSLPLHGGRRLMHIHENRPGVLTALNKIFAEQGVNIAAQYLQTSAQMGYVVIDIEADEDVAEKALQAMKAIPGTIRARLLY,train,100.0
Glycerate 3-phosphate,Escherichia coli,1.1.1.95,C(C(C(=O)O)O)OP(=O)(O)O,1.173186268412274,0.8804652822368425,14.9,MAKVSLEKDKIKFLLVEGVHQKALESLRAAGYTNIEFHKGALDDEQLKESIRDAHFIGLRSRTHLTEDVINAAEKLVAIGCFCIGTNQVDLDAAAKRGIPVFNAPFSNTRSVAELVIGELLLLLRGVPEANAKAHRGVWNKLAAGSFEARGKKLGIIGYGHIGTQLGILAESLGMYVYFYDIENKLPLGNATQVQHLSDLLNMSDVVSLHVPENPSTKNMMGAKEISLMKPGSLLINASRGTVVDIPALCDALASKHLAGAAIDVFPTEPATNSDPFTSPLCEFDNVLLTPHIGGSTQEAQENIGLEVAGKLIKYSDNGSTLSAVNFPEVSLPLHGGRRLMHIHEARPGVLTALNKIFAEQGVNIAAQYLQTSAQMGYVVIDIEADEDVAEKALQAMKAIPGTIRARLLY,train,100.0
Glycerate 3-phosphate,Escherichia coli,1.1.1.95,C(C(C(=O)O)O)OP(=O)(O)O,1.271841606536499,0.9198625444500328,18.7,MAKVSLEKDKIKFLLVEGVHQKALESLRAAGYTNIEFHKGALDDEQLKESIRDAHFIGLRSRTHLTEDVINAAEKLVAIGCFCIGTNQVDLDAAAKRGIPVFNAPFSNTRSVAELVIGELLLLLRGVPEANAKAHRGVWNKLAAGSFEARGKKLGIIGYGHIGTQLGILAESLGMYVYFYDIENKLPLGNATQVQHLSDLLNMSDVVSLHVPENPSTKNMMGAKEISLMKPGSLLINASRGTVVDIPALCDALASKHLAGAAIDVFPTEPATNSDPFTSPLCEFDNVLLTPHIGGSTQEAQENIGLEVAGKLIKYSDNGSTLSAVNFPEVSLPLHGGRRLMHIHENRPGVLTALNKIFAEQGVNIAAQYLQTSAAMGYVVIDIEADEDVAEKALQAMKAIPGTIRARLLY,test,99.8
L-Aspartate,Thermus thermophilus,2.7.2.4,C(C(C(=O)O)N)C(=O)O,-0.0969100130080563,0.7902287149760046,0.8,MALVVQKYGGTSVGDLERIHKVAQRIAHYREKGHRLAVVVAAMGHTTDELIALAKRVNPRPPFRELDLLTTTGEQVSVALLSMQLWAMGIPAKGFVQHQIGITTDGRYGDARILEVNPARIREALDQGFVAVIAGFMGTTPEGEITTLGRGGSDTTAVAIAAALGAKECEIYTDTEGVYTTDPHLIPEARKLSVIGYDQMLEMAALGARVLHPRAVYYAKRYGVVLHVRSSFSYNPGTLVKEVAMEMDKAVTGVALDLDHAQIGLIGIPDQPGIAAKVFQALAERGIAVDMIIQGVPGHDPSRQQMAFTVKKDFAQEALEALEPVLAEIGGEAILRPDIAKVSIVGVGLASTPEVPAKMFQAVASTGANIEMIATSEVRISVIIPAEYAEAALRAVHQAFELDKA,test,100.0
L-Aspartate,Thermus thermophilus,2.7.2.4,C(C(C(=O)O)N)C(=O)O,-0.0145735259169983,0.4243830246844544,0.967,MALVVQKYGGTSVGDLERIHKVAQRIAHYREKGHRLAVVVSAMGHTTDELIALAKRVNPRPPFRELDLLTTTGEQVSVALLSMQLWAMGIPAKGFVQHQIGITTDGRYGDARILEVNPARIREALDQGFVAVIAAFMGTTPEGEITTLGRGGSDTTAVAIAAALGAKECEIYTDTEGVYTTDPHLIPEARKLSVIGYDQMLEMAALGARVLHPRAVYYAKRYGVVLHVRSSFSYNPGTLVKEVAMEMDKAVTGVALDLDHAQIGLIGIPDQPGIAAKVFQALAERGIAVDMIIQGVPGHDPSRQQMAFTVKKDFAQEALEALEPVLAEIGGEAILRPDIAKVSIVGVGLASTPEVPAKMFQAVASTGANIEMIATSEVRISVIIPAEYAEAALRAVHQAFELDKA,train,100.0
L-Aspartate,Thermus thermophilus,2.7.2.4,C(C(C(=O)O)N)C(=O)O,0.2624510897304294,0.2483747012494953,1.83,MALVVQKYGGTSVGDLERIHKVAQRIAHYREKGHRLAVVVSAMGHTTDELIALAKRVNPRPPFRELDLLTTTGEQVSVALLSMQLWAMGIPAKGFVQHQIGITTDGRYGDARILEVNPARIREALDQGFVAVIAGFMGTTPEGEITTLGAGGSATTAVAIAAALGAKECEIYTDTEGVYTTDPHLIPEARKLSVIGYDQMLEMAALGARVLHPRAVYYAKRYGVVLHVRSSFSYNPGTLVKEVAMEMDKAVTGVALDLDHAQIGLIGIPDQPGIAAKVFQALAERGIAVDMIIQGVPGHDPSRQQMAFTVKKDFAQEALEALEPVLAEIGGEAILRPDIAKVSIVGVGLASTPEVPAKMFQAVASTGANIEMIATSEVRISVIIPAEYAEAALRAVHQAFELDKA,train,100.0
L-Aspartate,Thermus thermophilus,2.7.2.4,C(C(C(=O)O)N)C(=O)O,0.3364597338485295,-0.3419578492905575,2.17,MALVVQKYGGTSVGDLERIHKVAQRIAHYREKGHRLAVVVSAMGHTTDELIALAKRVNPRPPFRELDLLTTTGEQVSVALLSMQLWAMGIPAKGFVQHQIGITTDGRYGDARILEVNPARIREALDQGFVAVIAGFMGTTPEGEITTLGRGGSNTTAVAIAAALGAKECEIYTDTEGVYTTAPHLIPEARKLSVIGYDQMLEMAALGARVLHPRAVYYAKRYGVVLHVRSSFSYNPGTLVKEVAMEMDKAVTGVALDLDHAQIGLIGIPDQPGIAAKVFQALAERGIAVDMIIQGVPGHDPSRQQMAFTVKKDFAQEALEALEPVLAEIGGEAILRPDIAKVSIVGVGLASTPEVPAKMFQAVASTGANIEMIATSEVRISVIIPAEYAEAALRAVHQAFELDKA,test,99.8
L-Aspartate,Thermus thermophilus,2.7.2.4,C(C(C(=O)O)N)C(=O)O,0.4522976704836955,0.8499355601576699,2.8333,MALVVQKYGATSVGDLERIHKVAQRIAHYREKGHRLAVVVSAMGHTTDELIALAKRVNPRPPFRELDLLTTTGEQVSVALLSMQLWAMGIPAKGFVQHQIGITTDGRYGDARILEVNPARIREALDQGFVAVIAGFMGTTPEGEITTLGRGGSDTTAVAIAAALGAKECEIYTDTEGVYTTDPHLIPEARKLSVIGYDQMLEMAALGARVLHPRAVYYAKRYGVVLHVRSSFSYNPGTLVKEVAMEMDKAVTGVALDLDHAQIGLIGIPDQPGIAAKVFQALAERGIAVDMIIQGVPGHDPSRQQMAFTVKKDFAQEALEALEPVLAEIGGEAILRPDIAKVSIVGVGLASTPEVPAKMFQAVASTGANIEMIATSEVRISVIIPAEYAEAALRAVHQAFELDKA,train,100.0
L-Aspartate,Thermus thermophilus,2.7.2.4,C(C(C(=O)O)N)C(=O)O,0.4771212547196624,-0.1432504303099143,3.0,MALVVQKYGGTSVGDLERIHKVAQRIAHYREKGHRLAVVVSAMGHTTDELIALAKRVNPRPPFRELDLLTTTGEQVSVALLSMQLWAMGIPAKGFVQHQIGITTDGRYGDARILEVNPARIREALDQGFVAVIAGFMGTTPEGEITTLGRGGSDTTAVAIAAALGAKECEIYTATEGVYTTDPHLIPEARKLSVIGYDQMLEMAALGARVLHPRAVYYAKRYGVVLHVRSSFSYNPGTLVKEVAMEMDKAVTGVALDLDHAQIGLIGIPDQPGIAAKVFQALAERGIAVDMIIQGVPGHDPSRQQMAFTVKKDFAQEALEALEPVLAEIGGEAILRPDIAKVSIVGVGLASTPEVPAKMFQAVASTGANIEMIATSEVRISVIIPAEYAEAALRAVHQAFELDKA,train,100.0
L-Aspartate,Thermus thermophilus,2.7.2.4,C(C(C(=O)O)N)C(=O)O,0.6020599913279624,0.4953825210646881,4.0,MALVVQKYGGTSVGDLERIHKVAQRIAHYREKGHRLAVVVSAMGHTTDELIALAKRVNPRPPFRELDLLTTTGEQVSVALLSMQLWAMGIPAKGFVQHQIGITTDGRYGDARILEVNPARIREALDQGFVAVIAGFMGTTPEGEITTLGRGGSDTTAVAIAAALGAKECEIYTDTEGVYTTDPHLIPEARKLSVIGYDQMLAMAALGARVLHPRAVYYAKRYGVVLHVRSSFSYNPGTLVKEVAMEMDKAVTGVALDLDHAQIGLIGIPDQPGIAAKVFQALAERGIAVDMIIQGVPGHDPSRQQMAFTVKKDFAQEALEALEPVLAEIGGEAILRPDIAKVSIVGVGLASTPEVPAKMFQAVASTGANIEMIATSEVRISVIIPAEYAEAALRAVHQAFELDKA,train,100.0
L-Aspartate,Thermus thermophilus,2.7.2.4,C(C(C(=O)O)N)C(=O)O,0.6364878963533654,0.8571528663815322,4.33,MALVVQKYGGTSVGDLERIHKVAQRIAHYREKGHRLAVVVSAMGHTTDELIALAKRVNPRPPFRELDLLTTTGEQVSVALLSMQLWAMGIPAKGFVQHQIGITTDGRYGDARILEVNPARIREALDQGFVAVIAGFMGTTPEGEITTLGRGASDTTAVAIAAALGAKECEIYTDTEGVYTTDAHLIPEARKLSVIGYDQMLEMAALGARVLHPRAVYYAKRYGVVLHVRSSFSYNPGTLVKEVAMEMDKAVTGVALDLDHAQIGLIGIPDQPGIAAKVFQALAERGIAVDMIIQGVPGHDPSRQQMAFTVKKDFAQEALEALEPVLAEIGGEAILRPDIAKVSIVGVGLASTPEVPAKMFQAVASTGANIEMIATSEVRISVIIPAEYAEAALRAVHQAFELDKA,train,100.0
L-Aspartate,Thermus thermophilus,2.7.2.4,C(C(C(=O)O)N)C(=O)O,0.6693168805661122,0.8406007181061544,4.67,MALVVQKYGGTSVGDLERIHKVAQRIAHYREKGHRLAVVVSAMGHTTDELIALAKRVNPRPPFRELDLLTTTGEQVSVALLSMQLWAMGIPAKGFVQHQIGITTDGRYGDARILEVNPARIREALDQGFVAVIAGFMGTTPEGEITTLGRGGSDTTLVAIAAALGAKECEIYTDTEGVYTTDPHLIPEARKLSVIGYDQMLEMAALGARVLHPRAVYYAKRYGVVLHVRSSFSYNPGTLVKEVAMEMDKAVTGVALDLDHAQIGLIGIPDQPGIAAKVFQALAERGIAVDMIIQGVPGHDPSRQQMAFTVKKDFAQEALEALEPVLAEIGGEAILRPDIAKVSIVGVGLASTPEVPAKMFQAVASTGANIEMIATSEVRISVIIPAEYAEAALRAVHQAFELDKA,train,100.0
L-Aspartate,Thermus thermophilus,2.7.2.4,C(C(C(=O)O)N)C(=O)O,0.7781512503836436,0.7288680473269917,6.0,MALVVQKYGGTSVGDLERIHKVAQRIAHYREKGHRLAVVVSAMGHTTDELIALAKRVNPRPPFRELDLLTTTGEQVSVALLSMQLWAMGIPAKGFVQHQIGITTDGRYGDARILEVNPARIREALDQGFVAVIAGFMGTTPEGEITTLGRGGSDTTAVAIAAALGAKECEIYTDTEGVYTTDPHLIPELRKLSVIGYDQMLEMAALGARVLHPRAVYYAKRYGVVLHVRSSFSYNPGTLVKEVAMEMDKAVTGVALDLDHAQIGLIGIPDQPGIAAKVFQALAERGIAVDMIIQGVPGHDPSRQQMAFTVKKDFAQEALEALEPVLAEIGGEAILRPDIAKVSIVGVGLASTPEVPAKMFQAVASTGANIEMIATSEVRISVIIPAEYAEAALRAVHQAFELDKA,train,100.0
L-Aspartate,Thermus thermophilus,2.7.2.4,C(C(C(=O)O)N)C(=O)O,0.8241258339165489,0.817275383444954,6.67,MALVVQKYGGTSVGDLERIHKVAQRIAHYREKGHRLAVVVSAMGHTADELIALAKRVNPRPPFRELDLLTTTGEQVSVALLSMQLWAMGIPAKGFVQHQIGITTDGRYGDARILEVNPARIREALDQGFVAVIAGFMGTTPEGEITTLGRGGSDTTAVAIAAALGAKECEIYTDTEGVYTTDPHLIPEARKLSVIGYDQMLEMAALGARVLHPRAVYYAKRYGVVLHVRSSFSYNPGTLVKEVAMEMDKAVTGVALDLDHAQIGLIGIPDQPGIAAKVFQALAERGIAVDMIIQGVPGHDPSRQQMAFTVKKDFAQEALEALEPVLAEIGGEAILRPDIAKVSIVGVGLASTPEVPAKMFQAVASTGANIEMIATSEVRISVIIPAEYAEAALRAVHQAFELDKA,train,100.0
L-Aspartate,Thermus thermophilus,2.7.2.4,C(C(C(=O)O)N)C(=O)O,0.8653014259051373,0.847865177971515,7.3333,MALVVQKYGGTSVGDLERIHKVAQRIAHYREKGHRLAVVVSAMGHTTDELIALAKRVNPRPPFRELDLLTTTGEQVSVALLSMQLWAMGIPAKGFVQHQIGITTDGRYGDARILEVNPARIREALDQGFVAVIAGFMGTTPEGEITTLGRGGSDTTAVAIAAALGAKECEIYTDTEGVYTTDPHLIPEARKLSVIGYDQMLEMAALGARVLHPRAVYYAKRYGVVLHVRSSFSYNPGALVKEVAMEMDKAVTGVALDLDHAQIGLIGIPDQPGIAAKVFQALAERGIAVDMIIQGVPGHDPSRQQMAFTVKKDFAQEALEALEPVLAEIGGEAILRPDIAKVSIVGVGLASTPEVPAKMFQAVASTGANIEMIATSEVRISVIIPAEYAEAALRAVHQAFELDKA,train,100.0
L-Aspartate,Thermus thermophilus,2.7.2.4,C(C(C(=O)O)N)C(=O)O,1.0347621049229212,0.8384765793332682,10.8333,MALVVQKYGGTSVGDLERIHKVAQRIAHYREKGHRLAVVVSAMGHTTDELIALAKRVNPRPPFRELDLLTTTGEQVSVALLSMQLWAMGIPAKGFVQHQIGITTDGRYGDARILEVNPARIREALDQGFVAVIAGFMGTTPEGEITTLGRGGSDTTAVAIAAALGAKECEAYTDTEGVYTTDPHLIPEARKLSVIGYDQMLEMAALGARVLHPRAVYYAKRYGVVLHVRSSFSYNPGTLVKEVAMEMDKAVTGVALDLDHAQIGLIGIPDQPGIAAKVFQALAERGIAVDMIIQGVPGHDPSRQQMAFTVKKDFAQEALEALEPVLAEIGGEAILRPDIAKVSIVGVGLASTPEVPAKMFQAVASTGANIEMIATSEVRISVIIPAEYAEAALRAVHQAFELDKA,train,100.0
L-Aspartate,Thermus thermophilus,2.7.2.4,C(C(C(=O)O)N)C(=O)O,1.0910804681735635,0.8046468918317911,12.3333,MALVVQKYGGTSVGDLERIHKVAQRIAHYREKGHRLAVVVSAMGHTTDELIALAKRVNPRPPFRELDLLTTTGEQVSVALLSMQLWAMGIPAKGFVQHQIGITTDGRYGDARILEVNPARIREALDQGFVAVIAGFMGTTPEGEITTLGRGGADTTAVAIAAALGAKECEIYTDTEGVYTTDPHLIPEARKLSVIGYDQMLEMAALGARVLHPRAVYYAKRYGVVLHVRSSFSYNPGTLVKEVAMEMDKAVTGVALDLDHAQIGLIGIPDQPGIAAKVFQALAERGIAVDMIIQGVPGHDPSRQQMAFTVKKDFAQEALEALEPVLAEIGGEAILRPDIAKVSIVGVGLASTPEVPAKMFQAVASTGANIEMIATSEVRISVIIPAEYAEAALRAVHQAFELDKA,train,100.0
L-Aspartate,Thermus thermophilus,2.7.2.4,C(C(C(=O)O)N)C(=O)O,1.1238516409670858,0.9378674124477376,13.3,MALVVQKYGGTSVGDLERIHKVAQRIAHYREKGHRLAVVVSAMGHTTDELIALAKRVNPRPPFRELDLLTTTGEQVSVALLSMQLWAMGIPAKGFVQHQIGITTDGRYGDARILEVNPARIREALDQGFVAVIAGFMGTTPEGEITTLARGGSDTTAVAIAAALGAKECEIYTDTEAVYTTDPHLIPEARKLSVIGYDQMLEMAALGARVLHPRAVYYAKRYGVVLHVRSSFSYNPGTLVKEVAMEMDKAVTGVALDLDHAQIGLIGIPDQPGIAAKVFQALAERGIAVDMIIQGVPGHDPSRQQMAFTVKKDFAQEALEALEPVLAEIGGEAILRPDIAKVSIVGVGLASTPEVPAKMFQAVASTGANIEMIATSEVRISVIIPAEYAEAALRAVHQAFELDKA,train,100.0
L-Aspartate,Thermus thermophilus,2.7.2.4,C(C(C(=O)O)N)C(=O)O,1.1409268409459374,0.8176017268359634,13.8333,MALVVQKAGGTSVGDLERIHKVAQRIAHYREKGHRLAVVVSAMGHTTDELIALAKRVNPRPPFRELDLLTTTGEQVSVALLSMQLWAMGIPAKGFVQHQIGITTDGRYGDARILEVNPARIREALDQGFVAVIAGFMGTTPEGEITTLGRGGSDTTAVAIAAALGAKECEIYTDTEGVYTTDPHLIPEARKLSVIGYDQMLEMAALGARVLHPRAVYYAKRYGVVLHVRSSFSYNPGTLVKEVAMEMDKAVTGVALDLDHAQIGLIGIPDQPGIAAKVFQALAERGIAVDMIIQGVPGHDPSRQQMAFTVKKDFAQEALEALEPVLAEIGGEAILRPDIAKVSIVGVGLASTPEVPAKMFQAVASTGANIEMIATSEVRISVIIPAEYAEAALRAVHQAFELDKA,test,99.8
L-Aspartate,Thermus thermophilus,2.7.2.4,C(C(C(=O)O)N)C(=O)O,1.2227164711475833,0.8348835723306929,16.7,MALVVQKYGGTSVGDLERIHKVAQRIAHYREKGHRLAVVVSAMGHTTDELIALAKRVNPRPPFRELDLLTTTGEQVSVALLSMQLWAMGIPAKGFVQHQIGITTDGRYGDARILEVNPARIREALDQGFVAVIAGAMGTTPEGEITTLGRGGSDTTAVAIAAALGAKECEIYTDTEGVYTTDPHLIPEARKLSVIGYDQMLEMAALGARVLHPRAVYYAKRYGVVLHVRSSFSYNPGTLVKEVAMEMDKAVTGVALDLDHAQIGLIGIPDQPGIAAKVFQALAERGIAVDMIIQGVPGHDPSRQQMAFTVKKDFAQEALEALEPVLAEIGGEAILRPDIAKVSIVGVGLASTPEVPAKMFQAVASTGANIEMIATSEVRISVIIPAEYAEAALRAVHQAFELDKA,train,100.0
L-Aspartate,Thermus thermophilus,2.7.2.4,C(C(C(=O)O)N)C(=O)O,1.3654879848908996,0.702417294665289,23.2,MALVVQKYGGTSVGDLERIHKVAQRIAHYREKGHRLAVVVSSMGHTTDELIALAKRVNPRPPFRELDLLTTTGEQVSVALLSMQLWAMGIPAKGFVQHQIGITTDGRYGDARILEVNPARIREALDQGFVAVIAGFMGTTPEGEITTLGRGGSDTTAVAIAAALGAKECEIYTDTEGVYTTDPHLIPEARKLSVIGYDQMLEMAALGARVLHPRAVYYAKRYGVVLHVRSSFSYNPGTLVKEVAMEMDKAVTGVALDLDHAQIGLIGIPDQPGIAAKVFQALAERGIAVDMIIQGVPGHDPSRQQMAFTVKKDFAQEALEALEPVLAEIGGEAILRPDIAKVSIVGVGLASTPEVPAKMFQAVASTGANIEMIATSEVRISVIIPAEYAEAALRAVHQAFELDKA,test,100.0
L-Aspartate,Thermus thermophilus,2.7.2.4,C(C(C(=O)O)N)C(=O)O,1.3679767846741735,0.8464738943483092,23.3333,MALVVQKYGGTSVGDLERIHKVAQRIAHYREKGHRLAVVVSAMGHTTDELIALAKRVNPRPPFRELDLLTTTGEQVSVALLSMQLWAMGIPAKGFVQHQIGITTDGRYGDARILEVNPARIREALDQGFVAVIAGFMGTTPEGEITTAGRGGSDTTAVAIAAALGAKECEIYTDTEGVYTTDPHLIPEARKLSVIGYDQMLEMAALGARVLHPRAVYYAKRYGVVLHVRSSFSYNPGTLVKEVAMEMDKAVTGVALDLDHAQIGLIGIPDQPGIAAKVFQALAERGIAVDMIIQGVPGHDPSRQQMAFTVKKDFAQEALEALEPVLAEIGGEAILRPDIAKVSIVGVGLASTPEVPAKMFQAVASTGANIEMIATSEVRISVIIPAEYAEAALRAVHQAFELDKA,train,100.0
L-Aspartate,Thermus thermophilus,2.7.2.4,C(C(C(=O)O)N)C(=O)O,1.3862016048058694,0.8342527757475432,24.3333,MALVVQKYGGTSVGDLERIHKVLQRIAHYREKGHRLAVVVSAMGHTTDELIALAKRVNPRPPFRELDLLTTTGEQVSVALLSMQLWAMGIPAKGFVQHQIGITTDGRYGDARILEVNPARIREALDQGFVAVIAGFMGTTPEGEITTLGRGGSDTTAVAIAAALGAKECEIYTDTEGVYTTDPHLIPEARKLSVIGYDQMLEMAALGARVLHPRAVYYAKRYGVVLHVRSSFSYNPGTLVKEVAMEMDKAVTGVALDLDHAQIGLIGIPDQPGIAAKVFQALAERGIAVDMIIQGVPGHDPSRQQMAFTVKKDFAQEALEALEPVLAEIGGEAILRPDIAKVSIVGVGLASTPEVPAKMFQAVASTGANIEMIATSEVRISVIIPAEYAEAALRAVHQAFELDKA,train,100.0
L-Aspartate,Thermus thermophilus,2.7.2.4,C(C(C(=O)O)N)C(=O)O,1.3926969532596658,0.8772394564061174,24.7,MALVVQKYGGTAVGDLERIHKVAQRIAHYREKGHRLAVVVSAMGHTTDELIALAKRVNPRPPFRELDLLTTTGEQVSVALLSMQLWAMGIPAKGFVQHQIGITTDGRYGDARILEVNPARIREALDQGFVAVIAGFMGTTPEGEITTLGRGGSDTTAVAIAAALGAKECEIYTDTEGVYTTDPHLIPEARKLSVIGYDQMLEMAALGARVLHPRAVYYAKRYGVVLHVRSSFSYNPGTLVKEVAMEMDKAVTGVALDLDHAQIGLIGIPDQPGIAAKVFQALAERGIAVDMIIQGVPGHDPSRQQMAFTVKKDFAQEALEALEPVLAEIGGEAILRPDIAKVSIVGVGLASTPEVPAKMFQAVASTGANIEMIATSEVRISVIIPAEYAEAALRAVHQAFELDKA,train,100.0
L-Aspartate,Thermus thermophilus,2.7.2.4,C(C(C(=O)O)N)C(=O)O,1.3979400086720375,0.8292338914304345,25.0,MALVVQKYGGTSVGDLERIHKVAQRIAHYREKGHRLAVVVSAMGHTTDELIALAKRVNPRPPFRELDLLTTTGEQVSVALLSMQLWAMGIPAKGFVQHQIGITTDGRYGDARILEVNPARIREALDQGFVAVIAGFMGTTPEGEITTLGRGGSDTTAVAIAAALGAKECEIYTDTEGVYTTDPHLIPEARKLSVIGYDQMLEMAALGARVLHPRAVYYAKRYGVVLHVRSSFSYNPGTLVKEVAMEMDKAVTGVALDLDHAQIGLIGIPDQPGIAAKVFQALAERGIAVDMIIQGVPGHDPSRQQMAFTVKKDFAQEALEALEPVLAEIGGEAILRPDIAKVSIVGVGLASTPEVPAKMFQAVASTGANIEMIATSEVRISVIIPAEYAEAALRAVHQAFELDKA,train,100.0
L-Aspartate,Thermus thermophilus,2.7.2.4,C(C(C(=O)O)N)C(=O)O,1.5010592622177514,0.8697876020842086,31.7,MALVVQKYGGTSVGDLERIHKVAQRIAHYREKGHRLAVVVSAMGHTTDELIALAKRVNPRPPFRELDLLTTTAEQVSVALLSMQLWAMGIPAKGFVQHQIGITTDGRYGDARILEVNPARIREALDQGFVAVIAGFMGTTPEGEITTLGRGGSDTTAVAIAAALGAKECEIYTDTEGVYTTDPHLIPEARKLSVIGYDQMLEMAALGARVLHPRAVYYAKRYGVVLHVRSSFSYNPGTLVKEVAMEMDKAVTGVALDLDHAQIGLIGIPDQPGIAAKVFQALAERGIAVDMIIQGVPGHDPSRQQMAFTVKKDFAQEALEALEPVLAEIGGEAILRPDIAKVSIVGVGLASTPEVPAKMFQAVASTGANIEMIATSEVRISVIIPAEYAEAALRAVHQAFELDKA,train,100.0
L-Aspartate,Thermus thermophilus,2.7.2.4,C(C(C(=O)O)N)C(=O)O,1.505149978319906,0.8321769389544569,32.0,MALVVQKYGGTSVGDLERIHKVAQRIAHYREKGHRLAVAVSAMGHTTDELIALAKRVNPRPPFRELDLLTTTGEQVSVALLSMQLWAMGIPAKGFVQHQIGITTDGRYGDARILEVNPARIREALDQGFVAVIAGFMGTTPEGEITTLGRGGSDTTAVAIAAALGAKECEIYTDTEGVYTTDPHLIPEARKLSVIGYDQMLEMAALGARVLHPRAVYYAKRYGVVLHVRSSFSYNPGTLVKEVAMEMDKAVTGVALDLDHAQIGLIGIPDQPGIAAKVFQALAERGIAVDMIIQGVPGHDPSRQQMAFTVKKDFAQEALEALEPVLAEIGGEAILRPDIAKVSIVGVGLASTPEVPAKMFQAVASTGANIEMIATSEVRISVIIPAEYAEAALRAVHQAFELDKA,train,100.0
L-Aspartate,Thermus thermophilus,2.7.2.4,C(C(C(=O)O)N)C(=O)O,1.1249387355225635,0.8663471805334224,13.3333,MALVVQKYGGTSVGDLERIHKVAQRIAHYREKGHRLAVVVSAMGHTTDELIALAKRVNPRPPFRELDLLTTTGEQVSVALLSMQLWAMGIPAKGFVQHQIGITTDGRYGDARILEVNPARIREALDQGFVAVIAGFMGTTPEGEITTLARGGSDTTAVAIAAALGAKECEIYTDTEGVYTTDPHLIPEARKLSVIGYDQMLEMAALGARVLHPRAVYYAKRYGVVLHVRSSFSYNPGTLVKEVAMEMDKAVTGVALDLDHAQIGLIGIPDQPGIAAKVFQALAERGIAVDMIIQGVPGHDPSRQQMAFTVKKDFAQEALEALEPVLAEIGGEAILRPDIAKVSIVGVGLASTPEVPAKMFQAVASTGANIEMIATSEVRISVIIPAEYAEAALRAVHQAFELDKA,test,100.0
L-Aspartate,Thermus thermophilus,2.7.2.4,C(C(C(=O)O)N)C(=O)O,0.2632414339849551,0.4668964823061647,1.8333,MALVVQKYGGTSVGDLERIHKVAQRIAHYREKGHRLAVVVSAMGHTTDELIALAKRVNPRPPFRELDLLTTTGEQVSVALLSMQLWAMGIPAKGFVQHQIGITTDGRYGDARILEVNPARIREALDQGFVAVIAGFMGTTPEGEITTLGAGGSDTTAVAIAAALGAKECEIYTDTEGVYTTDPHLIPEARKLSVIGYDQMLEMAALGARVLHPRAVYYAKRYGVVLHVRSSFSYNPGTLVKEVAMEMDKAVTGVALDLDHAQIGLIGIPDQPGIAAKVFQALAERGIAVDMIIQGVPGHDPSRQQMAFTVKKDFAQEALEALEPVLAEIGGEAILRPDIAKVSIVGVGLASTPEVPAKMFQAVASTGANIEMIATSEVRISVIIPAEYAEAALRAVHQAFELDKA,test,100.0
L-Aspartate,Thermus thermophilus,2.7.2.4,C(C(C(=O)O)N)C(=O)O,0.6368220972531017,0.7303911027702752,4.3333,MALVVQKYGGTSVGDLERIHKVAQRIAHYREKGHRLAVVVSAMGHTTDELIALAKRVNPRPPFRELDLLTTTGEQVSVALLSMQLWAMGIPAKGFVQHQIGITTDGRYGDARILEVNPARIREALDQGFVAVIAGFMGTTPEGEITTLGRGASDTTAVAIAAALGAKECEIYTDTEGVYTTDPHLIPEARKLSVIGYDQMLEMAALGARVLHPRAVYYAKRYGVVLHVRSSFSYNPGTLVKEVAMEMDKAVTGVALDLDHAQIGLIGIPDQPGIAAKVFQALAERGIAVDMIIQGVPGHDPSRQQMAFTVKKDFAQEALEALEPVLAEIGGEAILRPDIAKVSIVGVGLASTPEVPAKMFQAVASTGANIEMIATSEVRISVIIPAEYAEAALRAVHQAFELDKA,train,100.0
L-Aspartate,Thermus thermophilus,2.7.2.4,C(C(C(=O)O)N)C(=O)O,0.2632414339849551,0.4519930966324941,1.8333,MALVVQKYGGTSVGDLERIHKVAQRIAHYREKGHRLAVVVSAMGHTTDELIALAKRVNPRPPFRELDLLTTTGEQVSVALLSMQLWAMGIPAKGFVQHQIGITTDGRYGDARILEVNPARIREALDQGFVAVIAGFMGTTPEGEITTLGAGGSDTTAVAIAAALGAKECEIYTDTEGVYTTDPHLIPEARKLSVIGYDQMLEMAALGARVLHPRAVYYAKRYGVVLHVRSSFSYNPGTLVKEVAMEMDKAVTGVALDLDHAQIGLIGIPDQPGIAAKVFQALAERGIAVDMIIQGVPGHDPSRQQMAFTVKKDFAQEALEALEPVLAEIGGEAILRPDIAKVSIVGVGLASTPEVPAKMFQAVASTGANIEMIATSEVRISVIIPAEYAEAALRAVHQAFELDKA,test,100.0
L-Aspartate,Thermus thermophilus,2.7.2.4,C(C(C(=O)O)N)C(=O)O,0.3357921025913385,0.3160298058693916,2.1667,MALVVQKYGGTSVGDLERIHKVAQRIAHYREKGHRLAVVVSAMGHTTDELIALAKRVNPRPPFRELDLLTTTGEQVSVALLSMQLWAMGIPAKGFVQHQIGITTDGRYGDARILEVNPARIREALDQGFVAVIAGFMGTTPEGEITTLGRGGSNTTAVAIAAALGAKECEIYTDTEGVYTTDPHLIPEARKLSVIGYDQMLEMAALGARVLHPRAVYYAKRYGVVLHVRSSFSYNPGTLVKEVAMEMDKAVTGVALDLDHAQIGLIGIPDQPGIAAKVFQALAERGIAVDMIIQGVPGHDPSRQQMAFTVKKDFAQEALEALEPVLAEIGGEAILRPDIAKVSIVGVGLASTPEVPAKMFQAVASTGANIEMIATSEVRISVIIPAEYAEAALRAVHQAFELDKA,train,100.0
L-Aspartate,Thermus thermophilus,2.7.2.4,C(C(C(=O)O)N)C(=O)O,1.1249387355225635,0.902862687779424,13.3333,MALVVQKYGGTSVGDLERIHKVAQRIAHYREKGHRLAVVVSAMGHTTDELIALAKRVNPRPPFRELDLLTTTGEQVSVALLSMQLWAMGIPAKGFVQHQIGITTDGRYGDARILEVNPARIREALDQGFVAVIAGFMGTTPEGEITTLARGGSDTTAVAIAAALGAKECEIYTDTEGVYTTDPHLIPEARKLSVIGYDQMLEMAALGARVLHPRAVYYAKRYGVVLHVRSSFSYNPGTLVKEVAMEMDKAVTGVALDLDHAQIGLIGIPDQPGIAAKVFQALAERGIAVDMIIQGVPGHDPSRQQMAFTVKKDFAQEALEALEPVLAEIGGEAILRPDIAKVSIVGVGLASTPEVPAKMFQAVASTGANIEMIATSEVRISVIIPAEYAEAALRAVHQAFELDKA,test,100.0
L-Aspartate,Thermus thermophilus,2.7.2.4,C(C(C(=O)O)N)C(=O)O,0.3357921025913385,0.3227855518672627,2.1667,MALVVQKYGGTSVGDLERIHKVAQRIAHYREKGHRLAVVVSAMGHTTDELIALAKRVNPRPPFRELDLLTTTGEQVSVALLSMQLWAMGIPAKGFVQHQIGITTDGRYGDARILEVNPARIREALDQGFVAVIAGFMGTTPEGEITTLGRGGSNTTAVAIAAALGAKECEIYTDTEGVYTTDPHLIPEARKLSVIGYDQMLEMAALGARVLHPRAVYYAKRYGVVLHVRSSFSYNPGTLVKEVAMEMDKAVTGVALDLDHAQIGLIGIPDQPGIAAKVFQALAERGIAVDMIIQGVPGHDPSRQQMAFTVKKDFAQEALEALEPVLAEIGGEAILRPDIAKVSIVGVGLASTPEVPAKMFQAVASTGANIEMIATSEVRISVIIPAEYAEAALRAVHQAFELDKA,train,100.0
L-Aspartate,Thermus thermophilus,2.7.2.4,C(C(C(=O)O)N)C(=O)O,0.6368220972531017,0.943545084094091,4.3333,MALVVQKYGGTSVGDLERIHKVAQRIAHYREKGHRLAVVVSAMGHTTDELIALAKRVNPRPPFRELDLLTTTGEQVSVALLSMQLWAMGIPAKGFVQHQIGITTDGRYGDARILEVNPARIREALDQGFVAVIAGFMGTTPEGEITTLGRGASDTTAVAIAAALGAKECEIYTDTEGVYTTDPHLIPEARKLSVIGYDQMLEMAALGARVLHPRAVYYAKRYGVVLHVRSSFSYNPGTLVKEVAMEMDKAVTGVALDLDHAQIGLIGIPDQPGIAAKVFQALAERGIAVDMIIQGVPGHDPSRQQMAFTVKKDFAQEALEALEPVLAEIGGEAILRPDIAKVSIVGVGLASTPEVPAKMFQAVASTGANIEMIATSEVRISVIIPAEYAEAALRAVHQAFELDKA,train,100.0
Penicillin G,Streptomyces clavuligerus,1.14.20.1,CC1(C(N2C(S1)C(C2=O)NC(=O)CC3=CC=CC=C3)C(=O)O)C,-1.853871964321762,-1.6214123412998107,0.014,MDTTVPTFSLAELQQGLHQDEFRRCLRDKGLFYLTDCGLTDTELKSAKDLVIDFFEHGSEAEKRAVTSPVPTMRRGFTGLESESTAQITNTGSYSDYSMCYSMGTADNLFPSGDFERIWTQYFDRQYTASRAVAREVLRATGTEPDGGVEAFLDCEPLLRFRYFPQVPEHRSAEEQPLRMAPHYDLSMVTLIQQTPCANGFVSLQAEVGGAFTDLPYRPDAVLVFCGAIATLVTGGQVKAPRHHVAAPRRDQIAGSSHTSSVFFLRPNADFTFSVPLARECGFDVSLDGETATFQDWIGGNYVNIRRTSKA,train,100.0
Penicillin G,Streptomyces clavuligerus,1.14.20.1,CC1(C(N2C(S1)C(C2=O)NC(=O)CC3=CC=CC=C3)C(=O)O)C,-1.6989700043360187,-1.451254155569836,0.02,MDTTVPTFSLAELQQGLHQDEFRRCLRDKGLFYLTDCGLTDTELKSAKDLVIDFFEHGSEAEKRAVTSPVPTMRRGFTGLESESTAQITNTGSYSDYSMCYSMGTADNLFPSGDFERIWTQYFDRQYTASRAVAREVLRATGTEPDGGVEAFLDCEPLLRFRYFPQVPEHRSAEEQPLRMAPHYDLSMVTLIQQTPCANGFVSLQAEVGGAFTDLPYRPDAVLVFCGAIATLVTGGQVKAPRHHVAAPRRDQIAGSSLTSSVFFLRPNADFTFSVPLARECGFDVSLDGETATFQDWIGGNYVNIRRTSKA,train,100.0
Penicillin G,Streptomyces clavuligerus,1.14.20.1,CC1(C(N2C(S1)C(C2=O)NC(=O)CC3=CC=CC=C3)C(=O)O)C,-1.6777807052660807,-1.3172832676451138,0.021,MDTTVPTFSLAELQQGLHQDEFRRCLRDKGLFYLTDCGLTDTELKSAKDLVIDFFEHGSEAEKRAVTSPVPTMRRGFTGLESESTAQITNTGSYSDYSMCYSMGTADNLFPSGDFERIWTQYFDRQYTASRAVAREVLRATGTEPDGGVEAFLDCEPLLRFRYFPQVPEHRSAEEQPLRMAPHYDLSMVTLIQQTPCANGFVSLQAEVGGAFTDLPYRPDAVLVFCGAIATLVTGGQVKAPRHHVAAPRRDQIAGSSQTSSVFFLRPNADFTFSVPLARECGFDVSLDGETATFQDWIGGNYVNIRRTSKA,test,100.0
Penicillin G,Streptomyces clavuligerus,1.14.20.1,CC1(C(N2C(S1)C(C2=O)NC(=O)CC3=CC=CC=C3)C(=O)O)C,-1.6020599913279625,-1.383384204030875,0.025,MDTTVPTFSLAELQQGLHQDEFRRCLRDKGLFYLTDCGLTDTELKSAKDLVIDFFEHGSEAEKRAVTSPVPTMRRGFTGLESESTAQITNTGSYSDYSMCYSMGTADNLFPSGDFERIWTQYFDRQYTASRAVAREVLRATGTEPDGGVEAFLDCEPLLRFRYFPQVPEHRSAEEQPLRMAPHYDLSMVTLIQQTPCANGFVSLQAEVGGAFTDLPYRPDAVLVFCGAIATLVTGGQVKAPRHHVAAPRRDQIAGSSFTSSVFFLRPNADFTFSVPLARECGFDVSLDGETATFQDWIGGNYVNIRRTSKA,train,100.0
Penicillin G,Streptomyces clavuligerus,1.14.20.1,CC1(C(N2C(S1)C(C2=O)NC(=O)CC3=CC=CC=C3)C(=O)O)C,-1.1023729087095586,-0.7205946287216247,0.079,MDTTVPTFSLAELQQGLHQDEFRRCLRDKGLFYLTDCGLTDTELKSAKDLVIDFFEHGSEAEKRAVTSPVPTMRRGFTGLESESTAQITNTGSYSDYSMCYSMGTADNLFPSGDFERIWTQYFDRQYTASRAVAREVLRATGTEPDGGVEAFLDCEPLLRFRYFPQVPEHRSAEEQPLRMAPHYDLSMVTLIQQTPCANGFVSLQAEVGGAFTDLPYRPDAVLVFCGAIATLVTGGQVKAPRHHVAAPRRDQIAGSSRTSSVFFLRPNADFTFSVPLARECGFDVSLDGETATFQDWIGGNYVNIRRTSKA,train,100.0
Penicillin G,Streptomyces clavuligerus,1.14.20.1,CC1(C(N2C(S1)C(C2=O)NC(=O)CC3=CC=CC=C3)C(=O)O)C,-1.494850021680094,-0.6678693933274734,0.032,MDTTVPTFSLAELQQGLHQDEFRRCLRDKGLFYLTDCGLTDTELKSAKDLVIDFFEHGSEAEKRAVTSPVPTMRRGFTELESESTAQITNTGSYSDYSMCYSMGTADNLFPSGDFERIWTQYFDRQYTASRAVAREVLRATGTEPDGGVEAFLDCEPLLRFRYFPQVPEHRSAEEQPLRMAPHYDLSMVTLIQQTPCANGFVSLQAEVGGAFTDLPYRPDAVLVFCGAIATLVTGGQVKAPRHHVAAPRRDQIAGSSRTSSVFFLRPNADFTFSVPLARECGFDVSLDGETATFQDWIGGNYVNIRRTSKA,train,100.0
Penicillin G,Streptomyces clavuligerus,1.14.20.1,CC1(C(N2C(S1)C(C2=O)NC(=O)CC3=CC=CC=C3)C(=O)O)C,-1.341035157335565,-0.8342760295981452,0.0456,MDTTVPTFSLAELQQGLHQDEFRRCLRDKGLFYLTDCGLTDTELKSAKDLVIDFFEHGSEAEKRAVTSPVPTMRRGFTGLESESTAQITNTGSYSDYSMCYSMGTADNLFPSGDFERIWTQYFDRQYTASRAVAREVLRATGTEPDGGVEAFLDCEPLLRFRYFPQVPEHRSAEEQPLRMAPHYDLSVVTLIQQTPCANGFVSLQAEVGGAFTDLPYRPDAVLVFCGAIATLVTGGQVKAPRHHVAAPRRDQIAGSSRTSSVFFLRPNADFTFSVPLARECGFDVSLDGETATFQDWIGGNYVNIRRTSKA,train,100.0
Penicillin G,Streptomyces clavuligerus,1.14.20.1,CC1(C(N2C(S1)C(C2=O)NC(=O)CC3=CC=CC=C3)C(=O)O)C,-1.322393047279507,-0.7450655743806899,0.0476,MDTTVPTFSLAELQQGLHQDEFRRCLRDKGLFYLTDCGLTDTELKSAKDLVIDFFEHGSEAEKRAVTSPVPTMRRGFTGLESESTAQITNTGSYSDYSMCYSMGTADNLFPSGDFERIWTQYFDRQYTASRAVAREVLRATGTEPDGGVEAFLDYEPLLRFRYFPQVPEHRSAEEQPLRMAPHYDLSMVTLIQQTPCANGFVSLQAEVGGAFTDLPYRPDAVLVFCGAIATLVTGGQVKAPRHHVAAPRRDQIAGSSRTSSVFFLRPNADFTFSVPLARECGFDVSLDGETATFQDWIGGNYVNIRRTSKA,train,100.0
Penicillin G,Streptomyces clavuligerus,1.14.20.1,CC1(C(N2C(S1)C(C2=O)NC(=O)CC3=CC=CC=C3)C(=O)O)C,-1.2992962828549806,-0.6776677334258635,0.0502,MDTTVPTFSLAELQQGLHQDEFRRCLRDKGLFYLTDCGLTDTELKSAKDLVIDFFEHGSEAEKRAVTSPVPTMRRGFTGLESESTAQITNTGSYSDYSMCYSMGTADNLFPSGDFERIWTQYFDRQYTASRAVAREVLRATGTEPDGGVEAFLDCEPLLRFRYFPQVPEHRSAEEQPLRMAPHYDLSMVTLIQQTPCANGFVSLQAEVGGAFTDLPYRPDAVLVFCGAIATLVTGGQVKAPRHHVAAPRRDQIAGSSRTSSVFFLRPNADFTFSIPLARECGFDVSLDGETATFQDWIGGNYVNIRRTSKA,train,100.0
Penicillin G,Streptomyces clavuligerus,1.14.20.1,CC1(C(N2C(S1)C(C2=O)NC(=O)CC3=CC=CC=C3)C(=O)O)C,-1.282329496997738,-0.6836315566226796,0.0522,MDTTVPTFSLAELQQGLHQDEFRRCLRDKGLFYLTDCGLTDTELKSAKDLVIDFFEHGSEAEKRAVTSPVPTMRRGFTGLESESTAQITNAGSYSDYSMCYSMGTADNLFPSGDFERIWTQYFDRQYTASRAVAREVLRATGTEPDGGVEAFLDCEPLLRFRYFPQVPEHRSAEEQPLRMAPHYDLSMVTLIQQTPCANGFVSLQAEVGGAFTDLPYRPDAVLVFCGAIATLVTGGQVKAPRHHVAAPRRDQIAGSSRTSSVFFLRPNADFTFSVPLARECGFDVSLDGETATFQDWIGGNYVNIRRTSKA,train,100.0
Penicillin G,Streptomyces clavuligerus,1.14.20.1,CC1(C(N2C(S1)C(C2=O)NC(=O)CC3=CC=CC=C3)C(=O)O)C,-1.2487208960166578,-0.8135040251499532,0.0564,MDTTVPTFSLAELQQGLHQDEFRRCLRDKGLFYLTDCGLTDTELKSAKDLVIDFFEHGSEAEKRAVTSPVPTMRRGFTGLESESTAQITNTGSYSDYSMCYSMGTADNLFPSGDFERIWTQYFDRQYTASRAVAREVLRATGTEPDGGVEAFLDCEPLLRFRYFPQVPEHRSAEEQPLRMAPHYDLSMVTLIQQTPCANGFVSLQAEVGGAFTDLPYRPDAVLVFCGAIATLVTGGQVKAPRHHVAAPRRDQIAGSSRTSSVFFLRPNADFTFSVPLARECGFDVSLDGETATFQDWIGGNYVKIRRTSKA,test,100.0
Penicillin G,Streptomyces clavuligerus,1.14.20.1,CC1(C(N2C(S1)C(C2=O)NC(=O)CC3=CC=CC=C3)C(=O)O)C,-1.2441251443275083,-0.6999035103525327,0.057,MDTTVPTFSLAELQQGLHQDEFRRCLRDKGLFYLTDCGLTDTELKSAKDLVIDFFEHGSEAEKRAVTSPVPTMRRGFTGLESESTAQITNTGSYSDYSMCYSMGTADNLFPSGDFERIWTQYFDRQYTASRAVAREVLRATGTEPDGGVEAFLDCEPLLRFRYFPQVPEHRSAEEQPLRMAPHYDLSMVTLIQQTPCANGFVSLQAEVGGAFVDLPYRPDAVLVFCGAIATLVTGGQVKAPRHHVAAPRRDQIAGSSRTSSVFFLRPNADFTFSVPLARECGFDVSLDGETATFQDWIGGNYVNIRRTSKA,train,100.0
Penicillin G,Streptomyces clavuligerus,1.14.20.1,CC1(C(N2C(S1)C(C2=O)NC(=O)CC3=CC=CC=C3)C(=O)O)C,-1.193820026016113,-0.7656917398646129,0.064,MDTTVPTFSLAELQQGLHQDEFRRCLRDKGLFYLTDCGLTDTELKSAKDLVIDFFEHGSEAEKRAVTSPVPTMRRGFTGLESESTAQITNTGSYSDYSMCYSMGTADNLFPSGDFERIWTQYFDRQYTASRAVAREVLRATGTEPDGGVEAFLDCEPLLRFRYFPQVPEHRSAEEQPLRMAPHYDLSMVTLIQQTPCANGFVSLQAEVGGAFTDLPYRPDAVLVFCGAIATLVTGGQVKAPRHHVAAPRRDQIAGSSRTSAVFFLRPNADFTFSVPLARECGFDVSLDGETATFQDWIGGNYVNIRRTSKA,train,100.0
Penicillin G,Streptomyces clavuligerus,1.14.20.1,CC1(C(N2C(S1)C(C2=O)NC(=O)CC3=CC=CC=C3)C(=O)O)C,-1.1561445773768388,-0.8802315236213779,0.0698,MDTTVPTFSLAELQQGLHQDEFRRCLRDKGLFYLTDCGLTDTELKSAKDLVIDFFEHGSEAEKRAVTSPVPTMRRGFTGLESESTAQITNTGSYSDYSMCYSMGTADNLFPSGDFERIWTQYFDRQYTASRAVAREVLRATGTEPDGGVEAFLDCEPLLRFRYFPQVPEHRSAEEQPLRMAPHYDLSMVTLIQQTPCANGFVSLQAEVGGAFTDLPYRPDAVLVFCGAIATLVTGGQVKAPRHQVAAPRRDQIAGSSRTSSVFFLRPNADFTFSVPLARECGFDVSLDGETATFQDWIGGNYVNIRRTSKA,train,100.0
Penicillin G,Streptomyces clavuligerus,1.14.20.1,CC1(C(N2C(S1)C(C2=O)NC(=O)CC3=CC=CC=C3)C(=O)O)C,-1.1284270644541214,-0.722776327951865,0.0744,MDTTVPTFSLAELQQGLHQDEFRRCLRDKGLFYLTDCGLTDTELKSAKDLVIDFFEHGSEAEKRAVTSPVPTMRRGFTGLESESTAQITNTGSYSDYSMCYSMGTADNLFPSGDFERIWTQYFDRQYTASRAVAREVLRATGTEPDGGVEAFLDCEPLLRFRYFPQVPEHRSAEEQPLRMAPHYDLSMVTLIQQTPCANGFVSLQAEVGGAFTDLPYRPDAVLVFCGAIATLVTGGQVKAPRHHVAAPRRDQIAGSSRTSSVFFLRPNADFTFSVPLAREYGFDVSLDGETATFQDWIGGNYVNIRRTSKA,train,100.0
Penicillin G,Streptomyces clavuligerus,1.14.20.1,CC1(C(N2C(S1)C(C2=O)NC(=O)CC3=CC=CC=C3)C(=O)O)C,-0.431798275933005,-0.7200484503170544,0.37,MDTTVPTFSLAELQQGLHQDEFRRCLRDKGLFYLTDCGLTDTELKSAKDLVIDFFEHGSEAEKRAVTSPVPTMRRGFTGLESESTAQITNTGSYSDYSMCYSMGTADNLFPSGDFERIWTQYFDRQYTASRAVAREVLRATGTEPDGGVEAFLDCEPLLRFRYFPQVPEHRSAEEQPLRMAPHYDLSMVTLIQQTPCANGFVSLQAEVGGAFTDLPYRPDAVLVFCGAIATLVTGGQVKAPRHHVAAPRRDQIAGSSRTSSVFFLRPNADFTFSVPLARECGFDVSLDGETATFQDWIGGNYVNLRRTSKA,train,100.0
Penicillin G,Streptomyces clavuligerus,1.14.20.1,CC1(C(N2C(S1)C(C2=O)NC(=O)CC3=CC=CC=C3)C(=O)O)C,-1.0979971086492706,-0.7695529556316929,0.0798,MDTTVPTFSLAELQQGLHQDEFRRCLRDKGLFYLTDCGLTDTELKSAKDLVIDFFEHGSEAEKRAVTSPVPTMRRGFTGLESESTAQITNTGSYSDYSMCYSMGTADNLFPSGDFERIWTQYFDRQYTASRAVAREVLRATGTEPDGGVEAFLDCEPLLRFRYFPQVPEHRSAEEQPLRMAPHHDLSMVTLIQQTPCANGFVSLQAEVGGAFTDLPYRPDAVLVFCGAIATLVTGGQVKAPRHHVAAPRRDQIAGSSRTSSVFFLRPNADFTFSVPLARECGFDVSLDGETATFQDWIGGNYVNIRRTSKA,train,100.0
Penicillin G,Streptomyces clavuligerus,1.14.20.1,CC1(C(N2C(S1)C(C2=O)NC(=O)CC3=CC=CC=C3)C(=O)O)C,-1.0915149811213505,-0.7887979572236906,0.081,MDTTVPTFSLAELQQGLHQDEFRRCLRDKGLFYLTDCGLTDTELKSAKDLVIDFFEHGSEAEKRAVTSPVPTMRRGFTGLESESTAQITNTGSYSDYSMCYSMGTADNLFPSGDFERIWTQYFDRQYTASRAVAREVLRATGTEPDGGVEAFLDCEPLLRFRYFPQVPEHRSAEEQPLRMAPHADLSMVTLIQQTPCANGFVSLQAEVGGAFTDLPYRPDAVLVFCGAIATLVTGGQVKAPRHHVAAPRRDQIAGSSRTSSVFFLRPNADFTFSVPLARECGFDVSLDGETATFQDWIGGNYVNIRRTSKA,train,100.0
Penicillin G,Streptomyces clavuligerus,1.14.20.1,CC1(C(N2C(S1)C(C2=O)NC(=O)CC3=CC=CC=C3)C(=O)O)C,-0.9846402445907858,-0.8289331703377736,0.1036,MDTTVPTFSLAELQQGLHQDEFRRCLRDKGLFYLTDCGLTDTELKSAKDLVIDFFEHGSEAEKRAVTSPVPTMRRGFTGLESESTAQITNTGSYSDYSMCYSMGTADNLFPSGDFERIWTQYFDRQYTASRAVAREVLRATGTEPDGGVEAFLDCEPLLRFRYFPQVPEHRSAEEQPLRMAPHYDLSMVTLIQQTPCANGFVSLQAEVGGAFTDLPYRPDAVLVFCGAIATLVTGGQVKAPRHHVAAPRRDQIAGSSRTSSVFFLRPNADFTFSVPQARECGFDVSLDGETATFQDWIGGNYVNIRRTSKA,train,100.0
Penicillin G,Streptomyces clavuligerus,1.14.20.1,CC1(C(N2C(S1)C(C2=O)NC(=O)CC3=CC=CC=C3)C(=O)O)C,-0.638272163982407,-0.7057170447741622,0.23,MDTTVPTFSLAELQQGLHQDEFRRCLRDKGLFYLTDCGLTDTELKSAKDLVIDFFEHGSEAEKRAVTSPVPTMRRGFTGLESESTAQITNTGSYSDYSMCYSMGTADNLFPSGDFERIWTQYFDRQYTASRAVAREVLRATGTEPDGGVEAFLDYEPLLRFRYFPQVPEHRSAEEQPLRMAPHHDLSMVTLIQQTPCANGFVSLQAEVGGAFTDLPYRPDAVLVFCGAIATLVTGGQVKAPRHHVAAPRRDQIAGSSRTSSVFFLRPNADFTFSIPLAREYGFDVSLDGETATFQDWIGGNYVNIRRTSKA,train,100.0
Penicillin G,Streptomyces clavuligerus,1.14.20.1,CC1(C(N2C(S1)C(C2=O)NC(=O)CC3=CC=CC=C3)C(=O)O)C,-0.1870866433571444,-0.7190950424423748,0.65,MDTTVPTFSLAELQQGLHQDEFRRCLRDKGLFYLTDCGLTDTELKSAKDLVIDFFEHGSEAEKRAVTSPVPTMRRGFTGLESESTAQITNTGSYSDYSMCYSMGTADNLFPSGDFERIWTQYFDRQYTASRAVAREVLRATGTEPDGGVEAFLDCEPLLRFRYFPQVPEHRSAEEQPLRMAPHYDLSMVTLIQQTPCANGFVSLQAEVGGAFTDLPYRPDAVLVFCGAIATLVTGGQVKAPRHHVAAPRRDQIAGSSRTSSVFFLRPNADFTFSVPLARECGFDVSLDGETATFQDWIGGNYVNMRRTSKA,train,100.0
Penicillin G,Streptomyces clavuligerus,1.14.20.1,CC1(C(N2C(S1)C(C2=O)NC(=O)CC3=CC=CC=C3)C(=O)O)C,-0.835647144215563,-0.6898439950617338,0.146,MDTTVPTFSLAELQQGLHQDEFRRCLRDKGLFYLTDCGLTDTELKSAKDLVIDFFEHGSEAEKRAVTSPVPTMRRGFTGLESESTAQITNTGSYSDYSMCYSMGTADNLFPSGDFERIWTQYFDRQYTASRAVAREVLRATGTEPDGGVEAFLDCEPLLRFRYFPQVPEHRSAEEQPLRMAPHYDLSMVTLIQQTPCANGFVSLQAEVGGAFTDLPYRPDAVLVFCGAIATLVTGGQVKAPRHHVAAPRRDQIAGSSRTSSVFFLRPNADFTFSIPLARECGFDVSLDGETATFQDWIGGNYVNMRRTSKA,train,100.0
Penicillin G,Streptomyces clavuligerus,1.14.20.1,CC1(C(N2C(S1)C(C2=O)NC(=O)CC3=CC=CC=C3)C(=O)O)C,-0.6478174818886375,-0.7247676183375159,0.225,MDTTVPTFSLAELQQGLHQDEFRRCLRDKGLFYLTDCGLTDTELKSAKDLVIDFFEHGSEAEKRAVTSPVPTMRRGFTGLESESTAQITNTGSYSDYSMCYSMGTADNLFPSGDFERIWTQYFDRMYTASRAVAREVLRATGTEPDGGVEAFLDCEPLLRFRYFPQVPEHRSAEEQPLRMAPHYDLSMVTLIQQTPCANGFVSLQAEVGGAFTDLPYRPDAVLVFCGAIATLVTGGQVKAPRHHVAAPRRDQIAGSSRTSSVFFLRPNADFTFSVPLARECGFDVSLDGETATFQDWIGGNYVNIRRTSKA,train,100.0
Penicillin G,Streptomyces clavuligerus,1.14.20.1,CC1(C(N2C(S1)C(C2=O)NC(=O)CC3=CC=CC=C3)C(=O)O)C,-0.3635121036466345,-0.6102977396748444,0.433,MDTTVPTFSLAELQQGLHQDEFRRCLRDKGLFYLTDCGLTDTELKSAKDLVIDFFEHGSEAEKRAVTSPVPTMRRGFTGLESESTAQITNTGSYSDYSMCYSMGTADNLFPSGDFERIWTQYFDRQYTASRAVAREVLRATGTEPDGGVEAFLDCEPLLRFRYFPQVPEHRSAEEQPLRMAPHYDLSMVTLIQQTPCANGFVSLQAEVGGAFTDLPYRPDAVLVFCGAIATLVTGGQVKAPRHHVAAPRRDQIAGSSRTSMVFFLRPNADFTFSVPLARECGFDVSLDGETATFQDWIGGNYVNIRRTSKA,train,100.0
Penicillin G,Streptomyces clavuligerus,1.14.20.1,CC1(C(N2C(S1)C(C2=O)NC(=O)CC3=CC=CC=C3)C(=O)O)C,-0.2700257143004443,-0.6404596346418719,0.537,MDTTVPTFSLAELQQGLHQDEFRRCLRDKGLFYLTDCGLTDTELKSAKDLVIDFFEHGSEAEKRAVTSPVPTMRRGFTGLESESTAQITNTGSYSDYSMCYSMGTADNLFPSGDFERIWTQYFDRQYTASRAVAREVLRATGTEPDGGVEAFLDCEPLLRFRYFPQVPEHRSAEEQPLRMAPHYDLSMVTLIQQTPCANGFVSLQAEVGGAFTDLPYRPDAVLVFCGAIATLVTGGQVKAPRHHVAAPRRDQIAGSSRTSMVFFLRPNADFTFSVPLARECGFDVSLDGETATFQDWIGGNYVNMRRTSKA,train,100.0
Penicillin G,Streptomyces clavuligerus,1.14.20.1,CC1(C(N2C(S1)C(C2=O)NC(=O)CC3=CC=CC=C3)C(=O)O)C,-0.2298847052128984,-0.7503083128954142,0.589,MDTTVPTFSLAELQQGLHQDEFRRCLRDKGLFYLTDCGLTDTELKSAKDLVIDFFEHGSEAEKRAVTSPVPTTRRGFTGLESESTAQITNTGSYSDYSMCYSMGTADNLFPSGDFERIWTQYFDRQYTASRAVAREVLRATGTEPDGGVEAFLDCEPLLRFRYFPQVPEHRSAEEQPLRMAPHYDLSMVTLIQQTPCANGFVSLQAEVGGAFVDLPYRPDAVLVFCGAIATLVTGGQVKAPRHHVAAPRRDQIAGSSRTSSVFFLRPNADFTFSVPLARECGFDVSLDGETATFQDWIGGNYVNMRRTSKA,train,100.0
Penicillin G,Streptomyces clavuligerus,1.14.20.1,CC1(C(N2C(S1)C(C2=O)NC(=O)CC3=CC=CC=C3)C(=O)O)C,-0.1844222516757327,-0.7141769965823516,0.654,MDTTVPTFSLAELQQGLHQDEFRRCLRDKGLFYLTDCGLTDTELKSAKDLVIDFFEHGSEAEKRAVTSPVPTMRRGFTGLESESTAQITNTGSYSDYSMCYSMGTADNLFPSGDFERIWTQYFDRQYTASRAVAREVLRATGTEPDGGVEAFLDCEPLLRFRYFPQVPEHRSAEEQPLRMAPHYDLSMVTLIQQTPCANGFVSLQAEVGGAFVDLPYRPDAVLVFCGAIATLVTGGQVKAPRHHVAAPRRDQIAGSSRTSSVFFLRPNADFTFSVPLARECGFDVSLDGETATFQDWIGGNYVNMRRTSKA,test,99.7
Penicillin G,Streptomyces clavuligerus,1.14.20.1,CC1(C(N2C(S1)C(C2=O)NC(=O)CC3=CC=CC=C3)C(=O)O)C,-0.1752235375244543,-0.6373680926212588,0.668,MDTTVPTFSLAELQQGLHQDEFRRCLRDKGLFYLTDCGLTDTELKSAKDLVIDFFEHGSEAEKRAVTSPVPTMRRGFTGLESESTAQITNTGSYSDYSMCYSMGTADNLFPSGDFERIWTQYFDRQYTASRAVAREVLRATGTEPDGGVEAFLDCEPLLRFRYFPQVPEHRSAEEQPLRMAPHYDLSMVTLIQQTPCANGFVSLQAEVGGAFVDLPYRPDAVLVFCGAIATLVTGGQVKAPRHHVAAPRRDQIAGSSRTSMVFFLRPNADFTFSVPLARECGFDVSLDGETATFQDWIGGNYVNMRRTSKA,test,99.7
Penicillin G,Streptomyces clavuligerus,1.14.20.1,CC1(C(N2C(S1)C(C2=O)NC(=O)CC3=CC=CC=C3)C(=O)O)C,-1.6989700043360187,-1.3624916240610432,0.02,MDTTVPTFSLAELQQGLHQDEFRRCLRDKGLFYLTDCGLTDTELKSAKDLVIDFFEHGSEAEKRAVTSPVPTMRRGFTGLESESTAQITNTGSYSDYSMCYSMGTADNLFPSGDFERIWTQYFDRQYTASRAVAREVLRATGTEPDGGVEAFLDCEPLLRFRYFPQVPEHRSAEEQPLRMAPHYDLSMVTLIQQTPCANGFVSLQAEVGGAFTDLPYRPDAVLVFCGAIATLVTGGQVKAPRHHVAAPRRDQIAGSSLTSSVFFLRPNADFTFSVPLARECGFDVSLDGETATFQDWIGGNYVNIRRTSKA,train,100.0
Penicillin G,Streptomyces clavuligerus,1.14.20.1,CC1(C(N2C(S1)C(C2=O)NC(=O)CC3=CC=CC=C3)C(=O)O)C,-1.6989700043360187,-1.278757665973777,0.02,MDTTVPTFSLAELQQGLHQDEFRRCLRDKGLFYLTDCGLTDTELKSAKDLVIDFFEHGSEAEKRAVTSPVPTMRRGFTGLESESTAQITNTGSYSDYSMCYSMGTADNLFPSGDFERIWTQYFDRQYTASRAVAREVLRATGTEPDGGVEAFLDCEPLLRFRYFPQVPEHRSAEEQPLRMAPHYDLSMVTLIQQTPCANGFVSLQAEVGGAFTDLPYRPDAVLVFCGAIATLVTGGQVKAPRHHVAAPRRDQIAGSSLTSSVFFLRPNADFTFSVPLARECGFDVSLDGETATFQDWIGGNYVNIRRTSKA,train,100.0
Inosine,Homo sapiens,2.4.2.1,C1=NC2=C(C(=O)N1)N=CN2C3C(C(C(O3)CO)O)O,-2.0,-1.1119095653973874,0.01,MENGYTYEDYKNTAEWLLSHTKHRPQVAIICGSGLGGLTDKLTQAQIFDYGEIPNFPRSTVPGHAGRLVFGFLNGRACVMMQGRFHMREGYPLWKVTFPVRVFHLLGVDTLVVTNAAGGLNPKFEVGDIMLIRDHINLPGFSGQNPLRGPNDERFGDRFPAMSDAYDRTMRQRALSTWKQMGEQRELQEGTYVMVAGPSFETVAECRVLQKLGADAVGMSTVPEVIVARHCGLRVFGFSLITNKVIMDYESLEKANHEEVLAAGKQAAQKLEQFVSILMASIPLPDKAS,train,100.0
Inosine,Homo sapiens,2.4.2.1,C1=NC2=C(C(=O)N1)N=CN2C3C(C(C(O3)CO)O)O,-1.2218487496163564,-0.1692373978401672,0.06,MENGYTYEDYKNTAEWLLSHTKHRPQVAIICGSGLGGLTDKLTQAQIFDYGEIPNFPRSTVPGHAGRLVFGFLNGRACVMMQGRFHMYEGYPLWKVTFPVRVFHLLGVDTLVVTNAAGGLNPKFEVGDIMLIRDHINLPGFSGQNPLRGPNDERFGDRFPAMSDAYDRTMRQRALSTWKQMGEQRELQEGTYVMVAGPSFETVAECRVLQKLGADAVGMSTVPEVIVARHCGLRVFGFSLITAKVIMDYESLEKANHEEVLAAGKQAAQKLEQFVSILMASIPLPDKAS,train,100.0
Inosine,Homo sapiens,2.4.2.1,C1=NC2=C(C(=O)N1)N=CN2C3C(C(C(O3)CO)O)O,-0.1549019599857432,0.2638904742079223,0.7,MENGYTYEDYKNTAEWLLSHTKHRPQVAIICGSGLGGLTDKLTQAQIFDYGEIPNFPRSTVPGHAGRLVFGFLNGRACVMMQGRFHMEEGYPLWKVTFPVRVFHLLGVDTLVVTNAAGGLNPKFEVGDIMLIRDHINLPGFSGQNPLRGPNDERFGDRFPAMSDAYDRTMRQRALSTWKQMGEQRELQEGTYVMVAGPSFETVAECRVLQKLGADAVGMSTVPEVIVARHCGLRVFGFSLITNKVIMDYESLEKANHEEVLAAGKQAAQKLEQFVSILMASIPLPDKAS,train,100.0
Inosine,Homo sapiens,2.4.2.1,C1=NC2=C(C(=O)N1)N=CN2C3C(C(C(O3)CO)O)O,-0.0969100130080563,-0.4234081931233405,0.8,MENGYTYEDYKNTAEWLLSHTKHRPQVAIICGSGLGGLTDKLTQAQIFDYGEIPNFPRSTVPGHAGRLVFGFLNGRACVMMQGRFHMDEGYPLWKVTFPVRVFHLLGVDTLVVTNAAGGLNPKFEVGDIMLIRDHINLPGFSGQNPLRGPNDERFGDRFPAMSDAYDRTMRQRALSTWKQMGEQRELQEGTYVMVAGPSFETVAECRVLQKLGADAVGMSTVPEVIVARHCGLRVFGFSLITNKVIMDYESLEKANHEEVLAAGKQAAQKLEQFVSILMASIPLPDKAS,train,100.0
Inosine,Homo sapiens,2.4.2.1,C1=NC2=C(C(=O)N1)N=CN2C3C(C(C(O3)CO)O)O,1.0413926851582251,1.104980635629447,11.0,MENGYTYEDYKNTAEWLLSHTKHRPQVAIICGAGLGGLTDKLTQAQIFDYGEIPNFPRSTVPGHAGRLVFGFLNGRACVMMQGRFHMYEGYPLWKVTFPVRVFHLLGVDTLVVTNAAGGLNPKFEVGDIMLIRDHINLPGFSGQNPLRGPNDERFGDRFPAMSDAYDRTMRQRALSTWKQMGEQRELQEGTYVMVAGPSFETVAECRVLQKLGADAVGMSTVPEVIVARHCGLRVFGFSLITNKVIMDYESLEKANHEEVLAAGKQAAQKLEQFVSILMASIPLPDKAS,train,100.0
Inosine,Homo sapiens,2.4.2.1,C1=NC2=C(C(=O)N1)N=CN2C3C(C(C(O3)CO)O)O,1.7481880270062005,1.176413091434854,56.0,MENGYTYEDYKNTAEWLLSHTKHRPQVAIICGSGLGGLTDKLTQAQIFDYGEIPNFPRSTVPGHAGRLVFGFLNGRACVMMQGRFHMYEGYPLWKVTFPVRVFHLLGVDTLVVTNAAGGLNPKFEVGDIMLIRDHINLPGFSGQNPLRGPNDERFGDRFPAMSDAYDRTMRQRALSTWKQMGEQRELQEGTYVMVAGPSFETVAECRVLQKLGADAVGMSTVPEVIVARHCGLRVFGFSLITNKVIMDYESLEKANHEEVLAAGKQAAQKLEQFVSILMASIPLPDKAS,test,100.0
Inosine,Homo sapiens,2.4.2.1,C1=NC2=C(C(=O)N1)N=CN2C3C(C(C(O3)CO)O)O,0.1139433523068367,0.2836920430775602,1.3,MENGYTYEDYKNTAEWLLSHTKHRPQVAIICGSGLGGLTDKLTQAQIFDYGEIPNFPRSTVPGHAGRLVFGFLNGRACVMMQGRFHMIEGYPLWKVTFPVRVFHLLGVDTLVVTNAAGGLNPKFEVGDIMLIRDHINLPGFSGQNPLRGPNDERFGDRFPAMSDAYDRTMRQRALSTWKQMGEQRELQEGTYVMVAGPSFETVAECRVLQKLGADAVGMSTVPEVIVARHCGLRVFGFSLITNKVIMDYESLEKANHEEVLAAGKQAAQKLEQFVSILMASIPLPDKAS,train,100.0
Inosine,Homo sapiens,2.4.2.1,C1=NC2=C(C(=O)N1)N=CN2C3C(C(C(O3)CO)O)O,0.146128035678238,0.5686388969483274,1.4,MENGYTYEDYKNTAEWLLSHTKHRPQVAIICGSGLGGLTDKLTQAQIFDYGEIPNFPRSTVPGHAGRLVFGFLNGRACVMMQGRFHMQEGYPLWKVTFPVRVFHLLGVDTLVVTNAAGGLNPKFEVGDIMLIRDHINLPGFSGQNPLRGPNDERFGDRFPAMSDAYDRTMRQRALSTWKQMGEQRELQEGTYVMVAGPSFETVAECRVLQKLGADAVGMSTVPEVIVARHCGLRVFGFSLITNKVIMDYESLEKANHEEVLAAGKQAAQKLEQFVSILMASIPLPDKAS,train,100.0
Inosine,Homo sapiens,2.4.2.1,C1=NC2=C(C(=O)N1)N=CN2C3C(C(C(O3)CO)O)O,0.3222192947339193,0.6870124798952281,2.1,MENGYTYEDYKNTAEWLLSHTKHRPQVAIICGSGLGGLTDKLTQAQIFDYGEIPNFPRSTVPGHAGRLVFGFLNGRACVMMQGAFHMYEGYPLWKVTFPVRVFHLLGVDTLVVTNAAGGLNPKFEVGDIMLIRDHINLPGFSGQNPLRGPNDERFGDRFPAMSDAYDRTMRQRALSTWKQMGEQRELQEGTYVMVAGPSFETVAECRVLQKLGADAVGMSTVPEVIVARHCGLRVFGFSLITNKVIMDYESLEKANHEEVLAAGKQAAQKLEQFVSILMASIPLPDKAS,train,100.0
Inosine,Homo sapiens,2.4.2.1,C1=NC2=C(C(=O)N1)N=CN2C3C(C(C(O3)CO)O)O,0.3617278360175928,0.5581138022474826,2.3,MENGYTYEDYKNTAEWLLSHTKHRPQVAIICGSGLGGLTDKLTQAQIFDYGEIPNFPRSTVPGHAGRLVFGFLNGRACVMMQGRFHMTEGYPLWKVTFPVRVFHLLGVDTLVVTNAAGGLNPKFEVGDIMLIRDHINLPGFSGQNPLRGPNDERFGDRFPAMSDAYDRTMRQRALSTWKQMGEQRELQEGTYVMVAGPSFETVAECRVLQKLGADAVGMSTVPEVIVARHCGLRVFGFSLITNKVIMDYESLEKANHEEVLAAGKQAAQKLEQFVSILMASIPLPDKAS,train,100.0
Inosine,Homo sapiens,2.4.2.1,C1=NC2=C(C(=O)N1)N=CN2C3C(C(C(O3)CO)O)O,0.380211241711606,1.0681703642957223,2.4,MENGYTYEDYKNTAEWLLSHTKHRPQVAIICGSGLGGLTDKLTQAQIFDYGEIPNFPRSTVPGHAGRLVFGFLNGRACVMMQGRFHMVEGYPLWKVTFPVRVFHLLGVDTLVVTNAAGGLNPKFEVGDIMLIRDHINLPGFSGQNPLRGPNDERFGDRFPAMSDAYDRTMRQRALSTWKQMGEQRELQEGTYVMVAGPSFETVAECRVLQKLGADAVGMSTVPEVIVARHCGLRVFGFSLITNKVIMDYESLEKANHEEVLAAGKQAAQKLEQFVSILMASIPLPDKAS,test,99.7
Inosine,Homo sapiens,2.4.2.1,C1=NC2=C(C(=O)N1)N=CN2C3C(C(C(O3)CO)O)O,0.6232492903979004,0.2812351553390776,4.2,MENGYTYEDYKNTAEWLLSHTKHRPQVAIICGSGLGGLTDKLTQAQIFDYGEIPNFPRSTVPGHAGRLVFGFLNGRACVMMQGRFHMYEGYPLWKVTFPVRVFHLLGVDTLVVTNAAGGLNPKFEVGDIMLIRDHINLPGFSGQNPLRGPNDERFGDRFPAMSDAYDRTMRQRALSTWKQMGEQRELQEGTYVMVAGPSFATVAECRVLQKLGADAVGMSTVPEVIVARHCGLRVFGFSLITNKVIMDYESLEKANHEEVLAAGKQAAQKLEQFVSILMASIPLPDKAS,train,100.0
Inosine,Homo sapiens,2.4.2.1,C1=NC2=C(C(=O)N1)N=CN2C3C(C(C(O3)CO)O)O,0.7403626894942439,0.7851809786590749,5.5,MENGYTYEDYKNTAEWLLSHTKHRPQVAIICGSGLGGLTDKLTQAQIFDYGEIPNFPRSTVPGHAGRLVFGFLNGRACVMMQGRFHMCEGYPLWKVTFPVRVFHLLGVDTLVVTNAAGGLNPKFEVGDIMLIRDHINLPGFSGQNPLRGPNDERFGDRFPAMSDAYDRTMRQRALSTWKQMGEQRELQEGTYVMVAGPSFETVAECRVLQKLGADAVGMSTVPEVIVARHCGLRVFGFSLITNKVIMDYESLEKANHEEVLAAGKQAAQKLEQFVSILMASIPLPDKAS,train,100.0
Inosine,Homo sapiens,2.4.2.1,C1=NC2=C(C(=O)N1)N=CN2C3C(C(C(O3)CO)O)O,0.7481880270062004,1.102641326967349,5.6,MENGYTYEDYKNTAEWLLSHTKHRPQVAIICGSGLGGLTDKLTQAQIFDYGEIPNFPRSTVPGHAGRLVFGFLNGRACVMMQGRFHMWEGYPLWKVTFPVRVFHLLGVDTLVVTNAAGGLNPKFEVGDIMLIRDHINLPGFSGQNPLRGPNDERFGDRFPAMSDAYDRTMRQRALSTWKQMGEQRELQEGTYVMVAGPSFETVAECRVLQKLGADAVGMSTVPEVIVARHCGLRVFGFSLITNKVIMDYESLEKANHEEVLAAGKQAAQKLEQFVSILMASIPLPDKAS,train,100.0
Inosine,Homo sapiens,2.4.2.1,C1=NC2=C(C(=O)N1)N=CN2C3C(C(C(O3)CO)O)O,0.9344984512435676,1.1029831011542826,8.6,MENGYTYEDYKNTAEWLLSHTKHRPQVAIICGSGLGGLTDKLTQAQIFDYGEIPNFPRSTVPGHAGRLVFGFLNGRACVMMQGRFHMHEGYPLWKVTFPVRVFHLLGVDTLVVTNAAGGLNPKFEVGDIMLIRDHINLPGFSGQNPLRGPNDERFGDRFPAMSDAYDRTMRQRALSTWKQMGEQRELQEGTYVMVAGPSFETVAECRVLQKLGADAVGMSTVPEVIVARHCGLRVFGFSLITNKVIMDYESLEKANHEEVLAAGKQAAQKLEQFVSILMASIPLPDKAS,train,100.0
Inosine,Homo sapiens,2.4.2.1,C1=NC2=C(C(=O)N1)N=CN2C3C(C(C(O3)CO)O)O,0.9444826721501688,1.099413276231165,8.8,MENGYTYEDYKNTAEWLLSHTKHRPQVAIICGSGLGGLTDKLTQAQIFDYGEIPNFPRSTVPGHAGRLVFGFLNGRACVMMQGRFHMSEGYPLWKVTFPVRVFHLLGVDTLVVTNAAGGLNPKFEVGDIMLIRDHINLPGFSGQNPLRGPNDERFGDRFPAMSDAYDRTMRQRALSTWKQMGEQRELQEGTYVMVAGPSFETVAECRVLQKLGADAVGMSTVPEVIVARHCGLRVFGFSLITNKVIMDYESLEKANHEEVLAAGKQAAQKLEQFVSILMASIPLPDKAS,train,100.0
Inosine,Homo sapiens,2.4.2.1,C1=NC2=C(C(=O)N1)N=CN2C3C(C(C(O3)CO)O)O,0.9731278535996988,0.9237989046047062,9.4,MENGYTYEDYKNTAEWLLSHTKHRPQVAIICGSGLGGLTDKLTQAQIFDYGEIPNFPRSTVPGHAGRLVFGFLNGRACVMMQGRFHMYEGYPLWKVTFPVRVFHLLGVDTLVVTNAAGGLNPKFEVGDIMLIRDHINLPGFSGQNPLRGPNDERFGDRFPAMSDAYDRTMRQRALSTWKQMGEQRELQEGTYVMVAGPSAETVAECRVLQKLGADAVGMSTVPEVIVARHCGLRVFGFSLITNKVIMDYESLEKANHEEVLAAGKQAAQKLEQFVSILMASIPLPDKAS,train,100.0
Inosine,Homo sapiens,2.4.2.1,C1=NC2=C(C(=O)N1)N=CN2C3C(C(C(O3)CO)O)O,1.1072099696478683,0.9978115330309156,12.8,MENGYTYEDYKNTAEWLLSHTKHRPQVAIICGSGLGGLTDKLTQAQIFDYGEIPNFPRSTVPGHAGRLVFGFLNGRACVMMQGRFHMMEGYPLWKVTFPVRVFHLLGVDTLVVTNAAGGLNPKFEVGDIMLIRDHINLPGFSGQNPLRGPNDERFGDRFPAMSDAYDRTMRQRALSTWKQMGEQRELQEGTYVMVAGPSFETVAECRVLQKLGADAVGMSTVPEVIVARHCGLRVFGFSLITNKVIMDYESLEKANHEEVLAAGKQAAQKLEQFVSILMASIPLPDKAS,train,100.0
Inosine,Homo sapiens,2.4.2.1,C1=NC2=C(C(=O)N1)N=CN2C3C(C(C(O3)CO)O)O,1.146128035678238,0.9922821405677216,14.0,MENGYTYEDYKNTAEWLLSHTKHRPQVAIICGSGLGGLTDKLTQAQIFDYGEIPNFPRSTVPGHAGRLVFGFLNGRACVMMQGRFAMYEGYPLWKVTFPVRVFHLLGVDTLVVTNAAGGLNPKFEVGDIMLIRDHINLPGFSGQNPLRGPNDERFGDRFPAMSDAYDRTMRQRALSTWKQMGEQRELQEGTYVMVAGPSFETVAECRVLQKLGADAVGMSTVPEVIVARHCGLRVFGFSLIANKVIMDYESLEKANHEEVLAAGKQAAQKLEQFVSILMASIPLPDKAS,train,100.0
Inosine,Homo sapiens,2.4.2.1,C1=NC2=C(C(=O)N1)N=CN2C3C(C(C(O3)CO)O)O,1.2013971243204515,1.1553036190683583,15.9,MENGYTYEDYKNTAEWLLSHTKHRPQVAIICGSGLGGLTDKLTQAQIFDYGEIPNFPRSTVPGHAGRLVFGFLNGRACVMMQGRFHMLEGYPLWKVTFPVRVFHLLGVDTLVVTNAAGGLNPKFEVGDIMLIRDHINLPGFSGQNPLRGPNDERFGDRFPAMSDAYDRTMRQRALSTWKQMGEQRELQEGTYVMVAGPSFETVAECRVLQKLGADAVGMSTVPEVIVARHCGLRVFGFSLITNKVIMDYESLEKANHEEVLAAGKQAAQKLEQFVSILMASIPLPDKAS,train,100.0
Inosine,Homo sapiens,2.4.2.1,C1=NC2=C(C(=O)N1)N=CN2C3C(C(C(O3)CO)O)O,1.2041199826559248,1.2032755233775838,16.0,MENGYTYEDYKNTAEWLLSHTKHRPQVAIICGSGLGGLTDKLTQAQIFDYGEIPNFPRSTVPGHAGRLVFGFLNGRACVMMQGRFHMYEGYPLWKVTFPVRVFHLLGVDTLVVTNAAGGLNPKFEVGDIMLIRDHINLPGFSGQNPLRGPNDERFGDRFPAMSDAYDRTMRQRALSTWKQMGEQRELQEGTYVMVAGPSFETVAECRVLQKLGADAVGMSTVPEVIVARHCGLRVFGFSLITNKVIMDYESLEKANAEEVLAAGKQAAQKLEQFVSILMASIPLPDKAS,train,100.0
Inosine,Homo sapiens,2.4.2.1,C1=NC2=C(C(=O)N1)N=CN2C3C(C(C(O3)CO)O)O,1.24551266781415,0.1489283621266639,17.6,MENGYTYEDYKNTAEWLLSHTKHRPQVAIICGSGLGGLTDKLTQAQIFDYGEIPNFPRSTVPGHAGRLVFGFLNGRACVMMQGRFHMAEGYPLWKVTFPVRVFHLLGVDTLVVTNAAGGLNPKFEVGDIMLIRDHINLPGFSGQNPLRGPNDERFGDRFPAMSDAYDRTMRQRALSTWKQMGEQRELQEGTYVMVAGPSFETVAECRVLQKLGADAVGMSTVPEVIVARHCGLRVFGFSLITNKVIMDYESLEKANHEEVLAAGKQAAQKLEQFVSILMASIPLPDKAS,test,99.7
Inosine,Homo sapiens,2.4.2.1,C1=NC2=C(C(=O)N1)N=CN2C3C(C(C(O3)CO)O)O,1.7323937598229686,1.1668789409169138,54.0,MENGYTYEDYKNTAEWLLSHTKHRPQVAIICGSGLGGLTDKLTQAQIFDYGEIPNFPRSTVPGHAGRLVFGFLNGRACVMMQGRFHMFEGYPLWKVTFPVRVFHLLGVDTLVVTNAAGGLNPKFEVGDIMLIRDHINLPGFSGQNPLRGPNDERFGDRFPAMSDAYDRTMRQRALSTWKQMGEQRELQEGTYVMVAGPSFETVAECRVLQKLGADAVGMSTVPEVIVARHCGLRVFGFSLITNKVIMDYESLEKANHEEVLAAGKQAAQKLEQFVSILMASIPLPDKAS,train,100.0
Inosine,Homo sapiens,2.4.2.1,C1=NC2=C(C(=O)N1)N=CN2C3C(C(C(O3)CO)O)O,1.505149978319906,1.193259860255667,32.0,MENGYTYEDYKNTAEWLLSHTKHRPQVAIICGSGLGGLTDKLTQAQIFDYGEIPNFPRSTVPGHAGRLVFGFLNGRACVMMQGRFHMYEGYPLWKVTFPVRVFHLLGVDTLVVTNAAGGLNPKFEVGDIMLIRDHINLPGFSGQNPLRGPNDERFGDRAPAMSDAYDRTMRQRALSTWKQMGEQRELQEGTYVMVAGPSFETVAECRVLQKLGADAVGMSTVPEVIVARHCGLRVFGFSLITNKVIMDYESLEKANHEEVLAAGKQAAQKLEQFVSILMASIPLPDKAS,train,100.0
Inosine,Homo sapiens,2.4.2.1,C1=NC2=C(C(=O)N1)N=CN2C3C(C(C(O3)CO)O)O,1.662757831681574,1.1778863377043174,46.0,MENGYTYEDYKNTAEWLLSHTKHRPQVAIICGSGLGGLTDKLTQAQIFDYGEIPNFPRSTVPGHAGRLVFGFLNGRACVMMQGRFHMYAGYPLWKVTFPVRVFHLLGVDTLVVTNAAGGLNPKFEVGDIMLIRDHINLPGFSGQNPLRGPNDERFGDRFPAMSDAYDRTMRQRALSTWKQMGEQRELQEGTYVMVAGPSFETVAECRVLQKLGADAVGMSTVPEVIVARHCGLRVFGFSLITNKVIMDYESLEKANHEEVLAAGKQAAQKLEQFVSILMASIPLPDKAS,test,100.0
Inosine,Homo sapiens,2.4.2.1,C1=NC2=C(C(=O)N1)N=CN2C3C(C(C(O3)CO)O)O,1.6901960800285136,1.345668324404264,49.0,MENGYTYEDYKNTAEWLLSHTKHRPQVAIICGSGLGGLTDKLTQAQIFDYGEIPNFPRSTVPGHAGRLVFGFLNGRACVMMQGRFHMYEGYPLWKVTFPVRVFHLLGVDTLVVTNAAGGLNPKFEVGDIMLIRDHINLPGFSGQNPLRGPNDERFGDRFPAMSDAYDRTMRQRALSTWKQMGEQRELQEGTYVMVAGPSFETVAECRVLQKLGADAVGMSTVPEVIVARHCGLRVFGFSLITNAVIMDYESLEKANHEEVLAAGKQAAQKLEQFVSILMASIPLPDKAS,train,100.0
Inosine,Homo sapiens,2.4.2.1,C1=NC2=C(C(=O)N1)N=CN2C3C(C(C(O3)CO)O)O,1.7160033436347992,1.3798540685502974,52.0,MENGYTYEDYKNTAEWLLSHTKHRPQVAIICGSGLGGLTDKLTQAQIFDYGEIPNFPRSTVPGHAGRLVFGFLNGRACVMMQGRFHMYEGYPLWKVTFPVRVFHLLGVDTLVVTNAAGGLNPKFEVGDIMLIRDHINLPGFSGQNPLRGPNDERFGDRFPAMSDAYDRTMRQRALSTWKQMGEQRELQEGTYVMVAGPSFETVAECRVLQKLGADAVGASTVPEVIVARHCGLRVFGFSLITNKVIMDYESLEKANHEEVLAAGKQAAQKLEQFVSILMASIPLPDKAS,train,100.0
Inosine,Homo sapiens,2.4.2.1,C1=NC2=C(C(=O)N1)N=CN2C3C(C(C(O3)CO)O)O,1.146128035678238,1.3121712961544534,14.0,MENGYTYEDYKNTAEWLLSHTKHRPQVAIICGSGLGGLTDKLTQAQIFDYGEIPNFPRSTVPGHAGRLVFGFLNGRACVMMQGRFAMYEGYPLWKVTFPVRVFHLLGVDTLVVTNAAGGLNPKFEVGDIMLIRDHINLPGFSGQNPLRGPNDERFGDRFPAMSDAYDRTMRQRALSTWKQMGEQRELQEGTYVMVAGPSFETVAECRVLQKLGADAVGMSTVPEVIVARHCGLRVFGFSLIANKVIMDYESLEKANHEEVLAAGKQAAQKLEQFVSILMASIPLPDKAS,train,100.0
Inosine,Homo sapiens,2.4.2.1,C1=NC2=C(C(=O)N1)N=CN2C3C(C(C(O3)CO)O)O,1.146128035678238,0.816571236752807,14.0,MENGYTYEDYKNTAEWLLSHTKHRPQVAIICGSGLGGLTDKLTQAQIFDYGEIPNFPRSTVPGHAGRLVFGFLNGRACVMMQGRFAMYEGYPLWKVTFPVRVFHLLGVDTLVVTNAAGGLNPKFEVGDIMLIRDHINLPGFSGQNPLRGPNDERFGDRFPAMSDAYDRTMRQRALSTWKQMGEQRELQEGTYVMVAGPSFETVAECRVLQKLGADAVGMSTVPEVIVARHCGLRVFGFSLIANKVIMDYESLEKANHEEVLAAGKQAAQKLEQFVSILMASIPLPDKAS,train,100.0
Isopentenyl diphosphate,Saccharomyces cerevisiae,2.5.1.29,CC(=C)CCOP(=O)(O)OP(=O)(O)O,-3.886056647693163,-3.0767074993520285,0.0001,MEAKIDELINNDPVWSSQNESLISKPYNHILLKPGKNFRLNLIVQINRVMNLPKDQLAIVSQIVELLHNSSLLIDDIEDNAPLRRGQTTSHLIFGVPSTIATANAMYFRAMQLVSQLTTKEPLYHNLITIFNEELINLHRGQGLDIYWRDFLPEIIPTQEMYLNMVMNKTGGLFRLTLRLMEALSPSSHHGHSLVPFINLLGIIYQIRDDYLNLKDFQMSSEKGFAEDITEGKLSFPIVHALNFTKTKGQTEQHNEILRILLLRTSDKDIKLKLIQILEFDTNSLAYTKNFINQLVNMIKNDNENKYLPDLASHSDTATNLHDELLYIIDHLSEL,train,100.0
Isopentenyl diphosphate,Saccharomyces cerevisiae,2.5.1.29,CC(=C)CCOP(=O)(O)OP(=O)(O)O,-3.6989700043360183,-3.1756882321506352,0.0002,MEAKIDELINNDPVWSSQNESLISKPYNHILLKPGKNFRLNLIVQINRVMNLPKDQLAIVSQIVELLHNSSLLIDDIEDNAPLRRGQTTSHLIFGVPSTIATAAYMYFRAMQLVSQLTTKEPLYHNLITIFNEELINLHRGQGLDIYWRDFLPEIIPTQEMYLNMVMNKTGGLFRLTLRLMEALSPSSHHGHSLVPFINLLGIIYQIRDDYLNLKDFQMSSEKGFAEDITEGKLSFPIVHALNFTKTKGQTEQHNEILRILLLRTSDKDIKLKLIQILEFDTNSLAYTKNFINQLVNMIKNDNENKYLPDLASHSDTATNLHDELLYIIDHLSEL,train,100.0
Isopentenyl diphosphate,Saccharomyces cerevisiae,2.5.1.29,CC(=C)CCOP(=O)(O)OP(=O)(O)O,-1.769551078621726,-1.7178187867114096,0.017,MEAKIDELINNDPVWSSQNESLISKPYNHILLKPGKNFRLNLIVQINRVMNLPKDQLAIVSQIVELLHNSSLLIDDIEDNAPLRRGQTTSHLIFGVPSTINTAAAMYFRAMQLVSQLTTKEPLYHNLITIFNEELINLHRGQGLDIYWRDFLPEIIPTQEMYLNMVMNKTGGLFRLTLRLMEALSPSSHHGHSLVPFINLLGIIYQIRDDYLNLKDFQMSSEKGFAEDITEGKLSFPIVHALNFTKTKGQTEQHNEILRILLLRTSDKDIKLKLIQILEFDTNSLAYTKNFINQLVNMIKNDNENKYLPDLASHSDTATNLHDELLYIIDHLSEL,test,100.0
Isopentenyl diphosphate,Saccharomyces cerevisiae,2.5.1.29,CC(=C)CCOP(=O)(O)OP(=O)(O)O,-1.6989700043360187,-1.6495914148761597,0.02,MEAKIDELINNDPVWSSQNESLISKPYNHILLKPGKNFRLNLIVQINRVMNLPKDQLAIVSQIVELLHNSSLLIDDIEDNAPLRRGQTTSHLIFGVPSTINTANYMYFRAEQLVSQLTTKEPLYHNLITIFNEELINLHRGQGLDIYWRDFLPEIIPTQEMYLNMVMNKTGGLFRLTLRLMEALSPSSHHGHSLVPFINLLGIIYQIRDDYLNLKDFQMSSEKGFAEDITEGKLSFPIVHALNFTKTKGQTEQHNEILRILLLRTSDKDIKLKLIQILEFDTNSLAYTKNFINQLVNMIKNDNENKYLPDLASHSDTATNLHDELLYIIDHLSEL,train,100.0
Isopentenyl diphosphate,Saccharomyces cerevisiae,2.5.1.29,CC(=C)CCOP(=O)(O)OP(=O)(O)O,-1.4436974992327127,-1.5283604791509733,0.036,MEAKIDELINNDPVWSSQNESLISKPYNHILLKPGKNFRLNLIVQINRVMNLPKDQLAIVSQIVELLHNSSLLIDDIEDNAPLRRGQTTSHLIFGVPSTINTANYMYFRAFQLVSQLTTKEPLYHNLITIFNEELINLHRGQGLDIYWRDFLPEIIPTQEMYLNMVMNKTGGLFRLTLRLMEALSPSSHHGHSLVPFINLLGIIYQIRDDYLNLKDFQMSSEKGFAEDITEGKLSFPIVHALNFTKTKGQTEQHNEILRILLLRTSDKDIKLKLIQILEFDTNSLAYTKNFINQLVNMIKNDNENKYLPDLASHSDTATNLHDELLYIIDHLSEL,train,100.0
Isopentenyl diphosphate,Saccharomyces cerevisiae,2.5.1.29,CC(=C)CCOP(=O)(O)OP(=O)(O)O,-1.431798275933005,-1.7606731931518993,0.037,MEAKIDELINNDPVWSSQNESLISKPYNHILLKPGKNFRLNLIVQINRVMNLPKDQLAIVSQIVELLHNSSLLIDDIEDNAPLRRGQTTSHLIFGVPSTINTANYMYFRAMQLVSQLTTKEPLYHNLITIFNEELINLHRGQGLDIYWRDFLPEIIPTQEMYLNMVMNKTGGLFRLTLRLMEALSPSSHHGHSLVPFINLLGIIYQIRDDYLNLKDFQMSSEKGFAEDITEGKLSFPIVHALNFTKTKGQTEQHNEILRILLLRTSDKDIKLKLIQILEFDTNSLAYTKNFINQLVNMIKNDNENKYLPDLASHSDTATNLHDELLYIIDHLSEL,train,100.0
Isopentenyl diphosphate,Saccharomyces cerevisiae,2.5.1.29,CC(=C)CCOP(=O)(O)OP(=O)(O)O,-1.42021640338319,-1.412660658396433,0.038,MEAKIDELINNDPVWSSQNESLISKPYNHILLKPGKNFRLNLIVQINRVMNLPKDQLAIVSQIVELLHNSSLLIDDIEDNAPLRRGQTTSHLIFGVPSTINTANYMYFRAMQLVSQLTTKEPLYHNLITIFNEELINLHAGQGLDIYWRDFLPEIIPTQEMYLNMVMNKTGGLFRLTLRLMEALSPSSHHGHSLVPFINLLGIIYQIRDDYLNLKDFQMSSEKGFAEDITEGKLSFPIVHALNFTKTKGQTEQHNEILRILLLRTSDKDIKLKLIQILEFDTNSLAYTKNFINQLVNMIKNDNENKYLPDLASHSDTATNLHDELLYIIDHLSEL,train,100.0
Isopentenyl diphosphate,Saccharomyces cerevisiae,2.5.1.29,CC(=C)CCOP(=O)(O)OP(=O)(O)O,-1.3979400086720375,-1.5390091637614989,0.04,MEAKIDELINNDPVWSSQNESLISKPYNHILLKPGKNFRLNLIVQINRVMNLPKDQLAIVSQIVELLHNSSLLIDDIEDNAPLRRGQTTSHLIFGVPSTINTANYMYFRAAQLVSQLTTKEPLYHNLITIFNEELINLHRGQGLDIYWRDFLPEIIPTQEMYLNMVMNKTGGLFRLTLRLMEALSPSSHHGHSLVPFINLLGIIYQIRDDYLNLKDFQMSSEKGFAEDITEGKLSFPIVHALNFTKTKGQTEQHNEILRILLLRTSDKDIKLKLIQILEFDTNSLAYTKNFINQLVNMIKNDNENKYLPDLASHSDTATNLHDELLYIIDHLSEL,train,100.0
Isopentenyl diphosphate,Saccharomyces cerevisiae,2.5.1.29,CC(=C)CCOP(=O)(O)OP(=O)(O)O,-1.3767507096020994,-0.3722421858289645,0.042,MEAKIDELINNDPVWSSQNESLISKPYNHILLKPGKNFRLNLIVQINRVMNLPKDQLAIVSQIVELLHNSSLLIDDIEDNAPLRRGQTTSHLIFGVPSTINTANYMYFRAMQLVSQLTTKEPLYHNLITIFNEELINLARGQGLDIYWRDFLPEIIPTQEMYLNMVMNKTGGLFRLTLRLMEALSPSSHHGHSLVPFINLLGIIYQIRDDYLNLKDFQMSSEKGFAEDITEGKLSFPIVHALNFTKTKGQTEQHNEILRILLLRTSDKDIKLKLIQILEFDTNSLAYTKNFINQLVNMIKNDNENKYLPDLASHSDTATNLHDELLYIIDHLSEL,train,100.0
Isopentenyl diphosphate,Saccharomyces cerevisiae,2.5.1.29,CC(=C)CCOP(=O)(O)OP(=O)(O)O,-1.2218487496163564,-1.773672239180673,0.06,MEAKIDELINNDPVWSSQNESLISKPYNHILLKPGKNFRLNLIVQINRVMNLPKDQLAIVSQIVELLHNSSLLIDDIEDNAPLRRGQTTSHLIFGVPSTINTANAMYFRAMQLVSQLTTKEPLYHNLITIFNEELINLHRGQGLDIYWRDFLPEIIPTQEMYLNMVMNKTGGLFRLTLRLMEALSPSSHHGHSLVPFINLLGIIYQIRDDYLNLKDFQMSSEKGFAEDITEGKLSFPIVHALNFTKTKGQTEQHNEILRILLLRTSDKDIKLKLIQILEFDTNSLAYTKNFINQLVNMIKNDNENKYLPDLASHSDTATNLHDELLYIIDHLSEL,test,100.0
Isopentenyl diphosphate,Saccharomyces cerevisiae,2.5.1.29,CC(=C)CCOP(=O)(O)OP(=O)(O)O,-1.1739251972991736,-2.235319164713449,0.067,MEAKIDELINNDPVWSSQNESLISKPYNHILLKPGKNFRLNLIVQINRVMNLPKDQLAIVSQIVELLHNSSLLIDDIEDNAPLRRGQTTSHLIFGVPSTIATANYMYFRAMQLVSQLTTKEPLYHNLITIFNEELINLHRGQGLDIYWRDFLPEIIPTQEMYLNMVMNKTGGLFRLTLRLMEALSPSSHHGHSLVPFINLLGIIYQIRDDYLNLKDFQMSSEKGFAEDITEGKLSFPIVHALNFTKTKGQTEQHNEILRILLLRTSDKDIKLKLIQILEFDTNSLAYTKNFINQLVNMIKNDNENKYLPDLASHSDTATNLHDELLYIIDHLSEL,train,100.0
Isopentenyl diphosphate,Saccharomyces cerevisiae,2.5.1.29,CC(=C)CCOP(=O)(O)OP(=O)(O)O,-0.958607314841775,-1.8075208024929783,0.11,MEAKIDELINNDPVWSSQNESLISKPYNHILLKPGKNFRLNLIVQINRVMNLPKDQLAIVSQIVELLHNSSLLIDDIEDNAPLRRGQTTSHLIFGVPSTINTAAYMYFRAMQLVSQLTTKEPLYHNLITIFNEELINLHRGQGLDIYWRDFLPEIIPTQEMYLNMVMNKTGGLFRLTLRLMEALSPSSHHGHSLVPFINLLGIIYQIRDDYLNLKDFQMSSEKGFAEDITEGKLSFPIVHALNFTKTKGQTEQHNEILRILLLRTSDKDIKLKLIQILEFDTNSLAYTKNFINQLVNMIKNDNENKYLPDLASHSDTATNLHDELLYIIDHLSEL,train,100.0
Isopentenyl diphosphate,Saccharomyces cerevisiae,2.5.1.29,CC(=C)CCOP(=O)(O)OP(=O)(O)O,-1.2518119729937995,-0.6041759481904515,0.056,MEAKIDELINNDPVWSSQNESLISKPYNHILLKPGKNFRLNLIVQINRVMNLPKDQLAIVSQIVELLHNSSLLIDDIEDNAPLRRGQTTSHLIFGVPSTINTANYMAFRAMQLVSQLTTKEPLYHNLITIFNEELINLHRGQGLDIYWRDFLPEIIPTQEMYLNMVMNKTGGLFRLTLRLMEALSPSSHHGHSLVPFINLLGIIYQIRDDYLNLKDFQMSSEKGFAEDITEGKLSFPIVHALNFTKTKGQTEQHNEILRILLLRTSDKDIKLKLIQILEFDTNSLAYTKNFINQLVNMIKNDNENKYLPDLASHSDTATNLHDELLYIIDHLSEL,train,100.0
Isopentenyl diphosphate,Saccharomyces cerevisiae,2.5.1.29,CC(=C)CCOP(=O)(O)OP(=O)(O)O,-1.3279021420642825,-1.3481870609259443,0.047,MEAKIDELINNDPVWSSQNESLISKPYNHILLKPGKNFRLNLIVQINRVMNLPKDQLAIVSQIVELLHNSSLLIDDIEDNAPLRRGQTTSHLIFGVPSTINTANYMYARAMQLVSQLTTKEPLYHNLITIFNEELINLHRGQGLDIYWRDFLPEIIPTQEMYLNMVMNKTGGLFRLTLRLMEALSPSSHHGHSLVPFINLLGIIYQIRDDYLNLKDFQMSSEKGFAEDITEGKLSFPIVHALNFTKTKGQTEQHNEILRILLLRTSDKDIKLKLIQILEFDTNSLAYTKNFINQLVNMIKNDNENKYLPDLASHSDTATNLHDELLYIIDHLSEL,train,100.0
Isopentenyl diphosphate,Saccharomyces cerevisiae,2.5.1.29,CC(=C)CCOP(=O)(O)OP(=O)(O)O,-1.3098039199714864,-0.5594864971444357,0.049,MEAKIDELINNDPVWSSQNESLISKPYNHILLKPGKNFRLNLIVQINRVMNLPKDQLAIVSQIVELLHNSSLLIDDIEDNAPLRRGQTTSHLIFGVPSTINTANYMAARAMQLVSQLTTKEPLYHNLITIFNEELINLHRGQGLDIYWRDFLPEIIPTQEMYLNMVMNKTGGLFRLTLRLMEALSPSSHHGHSLVPFINLLGIIYQIRDDYLNLKDFQMSSEKGFAEDITEGKLSFPIVHALNFTKTKGQTEQHNEILRILLLRTSDKDIKLKLIQILEFDTNSLAYTKNFINQLVNMIKNDNENKYLPDLASHSDTATNLHDELLYIIDHLSEL,test,100.0
Isopentenyl diphosphate,Saccharomyces cerevisiae,2.5.1.29,CC(=C)CCOP(=O)(O)OP(=O)(O)O,-1.6020599913279625,-0.3469237665035174,0.025,MEAKIDELINNDPVWSSQNESLISKPYNHILLKPGKNFRLNLIVQINRVMNLPKDQLAIVSQIVELLHNSSLLIDDIEDNAPLRRGQTTSHLIFGVPSTINTANYMAARAMQLVSQLTTKEPLYHNLITIFNEELINLARGQGLDIYWRDFLPEIIPTQEMYLNMVMNKTGGLFRLTLRLMEALSPSSHHGHSLVPFINLLGIIYQIRDDYLNLKDFQMSSEKGFAEDITEGKLSFPIVHALNFTKTKGQTEQHNEILRILLLRTSDKDIKLKLIQILEFDTNSLAYTKNFINQLVNMIKNDNENKYLPDLASHSDTATNLHDELLYIIDHLSEL,train,100.0
Isopentenyl diphosphate,Saccharomyces cerevisiae,2.5.1.29,CC(=C)CCOP(=O)(O)OP(=O)(O)O,-2.0757207139381184,-0.3413118372249152,0.0084,MEAKIDELINNDPVWSSQNESLISKPYNHILLKPGKNFRLNLIVQINRVMNLPKDQLAIVSQIVELLHNSSLLIDDIEDNAPLRRGQTTSHLIFGVPSTINTANYMAARAMQLVSQLTTKEPLYHNLITIFNEEAINLARGQGLDIYWRDFLPEIIPTQEMYLNMVMNKTGGLFRLTLRLMEALSPSSHHGHSLVPFINLLGIIYQIRDDYLNLKDFQMSSEKGFAEDITEGKLSFPIVHALNFTKTKGQTEQHNEILRILLLRTSDKDIKLKLIQILEFDTNSLAYTKNFINQLVNMIKNDNENKYLPDLASHSDTATNLHDELLYIIDHLSEL,train,100.0
Isopentenyl diphosphate,Saccharomyces cerevisiae,2.5.1.29,CC(=C)CCOP(=O)(O)OP(=O)(O)O,-1.193820026016113,-0.3654819182490318,0.064,MEAKIDELINNDPVWSSQNESLISKPYNHILLKPGKNFRLNLIVQINRVMNLPKDQLAIVSQIVELLHNSSLLIDDIEDNAPLRRGQTTSHLIFGVPSTINTANYMYFRAMQLVSQLTTKEPLYHNLITIFNEEAINLARGQGLDIYWRDFLPEIIPTQEMYLNMVMNKTGGLFRLTLRLMEALSPSSHHGHSLVPFINLLGIIYQIRDDYLNLKDFQMSSEKGFAEDITEGKLSFPIVHALNFTKTKGQTEQHNEILRILLLRTSDKDIKLKLIQILEFDTNSLAYTKNFINQLVNMIKNDNENKYLPDLASHSDTATNLHDELLYIIDHLSEL,train,100.0
Isopentenyl diphosphate,Saccharomyces cerevisiae,2.5.1.29,CC(=C)CCOP(=O)(O)OP(=O)(O)O,-1.408935392973501,-0.35070208659947,0.039,MEAKIDELINNDPVWSSQNESLISKPYNHILLKPGKNFRLNLIVQINRVMNLPKDQLAIVSQIVELLHNSSLLIDDIEDNAPLRRGQTTSHLIFGVPSTINTANYMAFRAMQLVSQLTTKEPLYHNLITIFNEELINLARGQGLDIYWRDFLPEIIPTQEMYLNMVMNKTGGLFRLTLRLMEALSPSSHHGHSLVPFINLLGIIYQIRDDYLNLKDFQMSSEKGFAEDITEGKLSFPIVHALNFTKTKGQTEQHNEILRILLLRTSDKDIKLKLIQILEFDTNSLAYTKNFINQLVNMIKNDNENKYLPDLASHSDTATNLHDELLYIIDHLSEL,train,100.0
Isopentenyl diphosphate,Saccharomyces cerevisiae,2.5.1.29,CC(=C)CCOP(=O)(O)OP(=O)(O)O,-1.7958800173440752,-0.3570481270227696,0.016,MEAKIDELINNDPVWSSQNESLISKPYNHILLKPGKNFRLNLIVQINRVMNLPKDQLAIVSQIVELLHNSSLLIDDIEDNAPLRRGQTTSHLIFGVPSTINTANYMYARAMQLVSQLTTKEPLYHNLITIFNEELINLARGQGLDIYWRDFLPEIIPTQEMYLNMVMNKTGGLFRLTLRLMEALSPSSHHGHSLVPFINLLGIIYQIRDDYLNLKDFQMSSEKGFAEDITEGKLSFPIVHALNFTKTKGQTEQHNEILRILLLRTSDKDIKLKLIQILEFDTNSLAYTKNFINQLVNMIKNDNENKYLPDLASHSDTATNLHDELLYIIDHLSEL,train,100.0
Isopentenyl diphosphate,Saccharomyces cerevisiae,2.5.1.29,CC(=C)CCOP(=O)(O)OP(=O)(O)O,-1.6777807052660807,-1.9725357245135813,0.021,MEAKIDGLINNDPVWSSQNESLISKPYNHILLKPGKNFRLNLIVQINRVMNLPKDQLAIVSQIVELLHNSSLLIDDIEDNAPLRRGQTTSHLIFGVPSTINTANYMYFRAMQLVSQLTTKEPLYHNLITIFNEELINLHRGQGLDIYWRDFLPEIIPTQEMYLNMVMNKTGGLFRLTLRLMEALSPSSHHGHSLVPFINLLGIIYQIRDDYLNLKDFQMSSEKGFAEDITEGKLSFPIVHALNFTKTKGQTEQHNEILRILLLRTSDKDIKLKLIQILEFDTNSLAYTKNFINQLVNMIKNDNENKYLPDLASHSDTATNLHDELLYIIDHLSEL,test,100.0
Isopentenyl diphosphate,Saccharomyces cerevisiae,2.5.1.29,CC(=C)CCOP(=O)(O)OP(=O)(O)O,-2.292429823902064,-2.6632520260574637,0.0051,MEAKIDEGINNDPVWSSQNESLISKPYNHILLKPGKNFRLNLIVQINRVMNLPKDQLAIVSQIVELLHNSSLLIDDIEDNAPLRRGQTTSHLIFGVPSTINTANYMYFRAMQLVSQLTTKEPLYHNLITIFNEELINLHRGQGLDIYWRDFLPEIIPTQEMYLNMVMNKTGGLFRLTLRLMEALSPSSHHGHSLVPFINLLGIIYQIRDDYLNLKDFQMSSEKGFAEDITEGKLSFPIVHALNFTKTKGQTEQHNEILRILLLRTSDKDIKLKLIQILEFDTNSLAYTKNFINQLVNMIKNDNENKYLPDLASHSDTATNLHDELLYIIDHLSEL,train,100.0
Isopentenyl diphosphate,Saccharomyces cerevisiae,2.5.1.29,CC(=C)CCOP(=O)(O)OP(=O)(O)O,-3.207608310501746,-3.715081392782965,0.0006,MEAKIDELGNNDPVWSSQNESLISKPYNHILLKPGKNFRLNLIVQINRVMNLPKDQLAIVSQIVELLHNSSLLIDDIEDNAPLRRGQTTSHLIFGVPSTINTANYMYFRAMQLVSQLTTKEPLYHNLITIFNEELINLHRGQGLDIYWRDFLPEIIPTQEMYLNMVMNKTGGLFRLTLRLMEALSPSSHHGHSLVPFINLLGIIYQIRDDYLNLKDFQMSSEKGFAEDITEGKLSFPIVHALNFTKTKGQTEQHNEILRILLLRTSDKDIKLKLIQILEFDTNSLAYTKNFINQLVNMIKNDNENKYLPDLASHSDTATNLHDELLYIIDHLSEL,train,100.0
Isopentenyl diphosphate,Saccharomyces cerevisiae,2.5.1.29,CC(=C)CCOP(=O)(O)OP(=O)(O)O,-3.823908740944319,-3.765653637404409,0.0001,MEAKIDELINNDPVWSSQNESLISKPYNHILLKPGKNFRLNLIVQINRVMNLPKDQLAIVSQIVELLHNSSLLIDDIEDNAPLRRGQTTSHLIFGVPSTIATANAMYFRAMQLVSQLTTKEPLYHNLITIFNEELINLHRGQGLDIYWRDFLPEIIPTQEMYLNMVMNKTGGLFRLTLRLMEALSPSSHHGHSLVPFINLLGIIYQIRDDYLNLKDFQMSSEKGFAEDITEGKLSFPIVHALNFTKTKGQTEQHNEILRILLLRTSDKDIKLKLIQILEFDTNSLAYTKNFINQLVNMIKNDNENKYLPDLASHSDTATNLHDELLYIIDHLSEL,train,100.0
Isopentenyl diphosphate,Saccharomyces cerevisiae,2.5.1.29,CC(=C)CCOP(=O)(O)OP(=O)(O)O,-4.142667503568732,-3.798059457183381,0.0001,MEAKIDELINNDPVWSSQNESLISKPYNHILLKPGKNFRLNLIVQINRVMNLPKDQLAIVSQIVELLHNSSLLIDDIEDNAPLRRGQTTSHLIFGVPSTIATANAMYFRAMQLVSQLTTKEPLYHNLITIFNEELINLHRGQGLDIYWRDFLPEIIPTQEMYLNMVMNKTGGLFRLTLRLMEALSPSSHHGHSLVPFINLLGIIYQIRDDYLNLKDFQMSSEKGFAEDITEGKLSFPIVHALNFTKTKGQTEQHNEILRILLLRTSDKDIKLKLIQILEFDTNSLAYTKNFINQLVNMIKNDNENKYLPDLASHSDTATNLHDELLYIIDHLSEL,train,100.0
